frequency_GHz,TE_reflection_real,TE_reflection_imag,TE_reflection_dB,TM_reflection_real,TM_reflection_imag,TM_reflection_dB
8.000000,0.098467629,-0.24037925,-11.708374,0.095816313,-0.24232457,-11.681177
8.004000,0.097610329,-0.24078449,-11.706644,0.09495087,-0.24272503,-11.679313
8.008000,0.096746745,-0.24118795,-11.704932,0.094079108,-0.24312367,-11.677467
8.012000,0.095876835,-0.24158957,-11.703239,0.093200984,-0.24352041,-11.675638
8.016000,0.095000556,-0.24198928,-11.701566,0.092316455,-0.24391521,-11.673828
8.020000,0.094117866,-0.24238703,-11.699913,0.091425479,-0.24430799,-11.672037
8.024000,0.093228723,-0.24278276,-11.698281,0.090528013,-0.24469871,-11.670265
8.028000,0.092333086,-0.24317641,-11.69667,0.089624016,-0.24508728,-11.668513
8.032000,0.091430911,-0.2435679,-11.69508,0.088713445,-0.24547366,-11.666782
8.036000,0.090522157,-0.24395717,-11.693513,0.087796258,-0.24585777,-11.665072
8.040000,0.089606783,-0.24434417,-11.691968,0.086872412,-0.24623955,-11.663384
8.044000,0.088684747,-0.24472881,-11.690447,0.085941867,-0.24661892,-11.661717
8.048000,0.087756007,-0.24511104,-11.68895,0.08500458,-0.24699582,-11.660073
8.052000,0.086820521,-0.24549078,-11.687477,0.084060509,-0.24737018,-11.658453
8.056000,0.085878249,-0.24586796,-11.68603,0.083109613,-0.24774193,-11.656857
8.060000,0.08492915,-0.24624251,-11.684608,0.08215185,-0.24811099,-11.655285
8.064000,0.083973183,-0.24661436,-11.683213,0.08118718,-0.24847729,-11.653738
8.068000,0.083010307,-0.24698342,-11.681845,0.080215562,-0.24884076,-11.652217
8.072000,0.082040481,-0.24734963,-11.680504,0.079236955,-0.24920131,-11.650723
8.076000,0.081063666,-0.24771291,-11.679192,0.078251318,-0.24955887,-11.649255
8.080000,0.080079822,-0.24807317,-11.677909,0.077258612,-0.24991336,-11.647815
8.084000,0.079088909,-0.24843035,-11.676655,0.076258796,-0.25026469,-11.646404
8.088000,0.078090888,-0.24878434,-11.675432,0.075251831,-0.25061279,-11.645022
8.092000,0.07708572,-0.24913508,-11.67424,0.074237679,-0.25095757,-11.643669
8.096000,0.076073367,-0.24948248,-11.67308,0.073216299,-0.25129895,-11.642347
8.100000,0.07505379,-0.24982646,-11.671953,0.072187654,-0.25163683,-11.641056
8.104000,0.074026952,-0.25016691,-11.670859,0.071151705,-0.25197114,-11.639798
8.108000,0.072992815,-0.25050377,-11.669799,0.070108416,-0.25230177,-11.638571
8.112000,0.071951342,-0.25083693,-11.668774,0.069057749,-0.25262865,-11.637379
8.116000,0.070902498,-0.25116631,-11.667784,0.067999666,-0.25295167,-11.636221
8.120000,0.069846246,-0.2514918,-11.666831,0.066934133,-0.25327075,-11.635097
8.124000,0.068782552,-0.25181333,-11.665915,0.065861114,-0.25358578,-11.63401
8.128000,0.067711379,-0.25213078,-11.665038,0.064780574,-0.25389667,-11.632959
8.132000,0.066632694,-0.25244407,-11.664199,0.063692477,-0.25420333,-11.631946
8.136000,0.065546465,-0.25275309,-11.6634,0.062596791,-0.25450564,-11.630971
8.140000,0.064452657,-0.25305775,-11.662642,0.061493483,-0.25480351,-11.630036
8.144000,0.063351238,-0.25335793,-11.661926,0.060382519,-0.25509684,-11.62914
8.148000,0.062242178,-0.25365354,-11.661252,0.059263869,-0.25538552,-11.628286
8.152000,0.061125445,-0.25394447,-11.660621,0.058137501,-0.25566943,-11.627473
8.156000,0.06000101,-0.25423061,-11.660035,0.057003385,-0.25594848,-11.626704
8.160000,0.058868843,-0.25451186,-11.659494,0.055861492,-0.25622256,-11.625978
8.164000,0.057728917,-0.25478809,-11.658999,0.054711794,-0.25649154,-11.625297
8.168000,0.056581204,-0.25505921,-11.658551,0.053554263,-0.25675532,-11.624662
8.172000,0.055425677,-0.25532509,-11.658152,0.052388872,-0.25701378,-11.624073
8.176000,0.054262312,-0.25558562,-11.657802,0.051215596,-0.2572668,-11.623532
8.180000,0.053091083,-0.25584068,-11.657503,0.050034411,-0.25751427,-11.62304
8.184000,0.051911968,-0.25609016,-11.657254,0.048845292,-0.25775606,-11.622598
8.188000,0.050724945,-0.25633392,-11.657059,0.047648218,-0.25799206,-11.622206
8.192000,0.049529991,-0.25657185,-11.656916,0.046443167,-0.25822213,-11.621867
8.196000,0.048327089,-0.25680383,-11.656829,0.045230119,-0.25844614,-11.62158
8.200000,0.047116217,-0.25702972,-11.656797,0.044009055,-0.25866398,-11.621348
8.204000,0.04589736,-0.2572494,-11.656822,0.042779958,-0.25887552,-11.621171
8.208000,0.044670502,-0.25746273,-11.656905,0.041542812,-0.25908061,-11.621051
8.212000,0.043435626,-0.25766959,-11.657048,0.040297602,-0.25927913,-11.620988
8.216000,0.042192721,-0.25786985,-11.65725,0.039044314,-0.25947093,-11.620984
8.220000,0.040941775,-0.25806335,-11.657515,0.037782937,-0.25965589,-11.62104
8.224000,0.039682776,-0.25824998,-11.657843,0.03651346,-0.25983387,-11.621158
8.228000,0.038415717,-0.25842958,-11.658234,0.035235875,-0.26000472,-11.621338
8.232000,0.03714059,-0.25860202,-11.658692,0.033950174,-0.26016829,-11.621582
8.236000,0.035857391,-0.25876716,-11.659216,0.032656352,-0.26032445,-11.621891
8.240000,0.034566114,-0.25892484,-11.659808,0.031354406,-0.26047305,-11.622266
8.244000,0.033266759,-0.25907493,-11.660469,0.030044333,-0.26061393,-11.622709
8.248000,0.031959324,-0.25921727,-11.661202,0.028726133,-0.26074696,-11.623221
8.252000,0.030643814,-0.25935171,-11.662006,0.02739981,-0.26087197,-11.623804
8.256000,0.02932023,-0.2594781,-11.662885,0.026065366,-0.2609888,-11.624459
8.260000,0.027988578,-0.25959629,-11.663838,0.024722807,-0.26109732,-11.625187
8.264000,0.026648868,-0.25970612,-11.664868,0.023372142,-0.26119734,-11.62599
8.268000,0.025301109,-0.25980742,-11.665976,0.022013381,-0.26128873,-11.626869
8.272000,0.023945312,-0.25990005,-11.667163,0.020646537,-0.2613713,-11.627826
8.276000,0.022581494,-0.25998384,-11.668432,0.019271624,-0.26144491,-11.628863
8.280000,0.021209671,-0.26005862,-11.669783,0.01788866,-0.26150938,-11.62998
8.284000,0.019829861,-0.26012424,-11.671218,0.016497664,-0.26156454,-11.63118
8.288000,0.018442088,-0.26018051,-11.672739,0.015098659,-0.26161023,-11.632463
8.292000,0.017046376,-0.26022728,-11.674348,0.01369167,-0.26164628,-11.633833
8.296000,0.015642751,-0.26026438,-11.676045,0.012276724,-0.2616725,-11.635289
8.300000,0.014231243,-0.26029162,-11.677833,0.010853851,-0.26168873,-11.636835
8.304000,0.012811885,-0.26030884,-11.679714,0.0094230846,-0.26169479,-11.638471
8.308000,0.011384713,-0.26031586,-11.681689,0.0079844607,-0.2616905,-11.6402
8.312000,0.0099497641,-0.2603125,-11.68376,0.0065380181,-0.26167568,-11.642022
8.316000,0.0085070802,-0.26029858,-11.685928,0.0050837988,-0.26165015,-11.643941
8.320000,0.0070567056,-0.26027392,-11.688196,0.0036218478,-0.26161372,-11.645957
8.324000,0.0055986879,-0.26023834,-11.690565,0.0021522136,-0.26156621,-11.648073
8.328000,0.0041330777,-0.26019166,-11.693037,0.00067494772,-0.26150744,-11.65029
8.332000,0.0026599292,-0.26013368,-11.695614,-0.00080989495,-0.2614372,-11.652611
8.336000,0.0011792998,-0.26006422,-11.698298,-0.002302256,-0.26135532,-11.655036
8.340000,-0.00030874954,-0.2599831,-11.701092,-0.0038020735,-0.26126159,-11.657569
8.344000,-0.0018041543,-0.25989012,-11.703995,-0.0053092818,-0.26115584,-11.660211
8.348000,-0.0033068465,-0.25978508,-11.707012,-0.0068238119,-0.26103785,-11.662964
8.352000,-0.0048167542,-0.2596678,-11.710144,-0.0083455906,-0.26090744,-11.665829
8.356000,-0.0063338018,-0.25953809,-11.713392,-0.0098745411,-0.26076441,-11.66881
8.360000,-0.0078579098,-0.25939574,-11.71676,-0.011410583,-0.26060856,-11.671909
8.364000,-0.0093889947,-0.25924055,-11.720248,-0.01295363,-0.26043969,-11.675126
8.368000,-0.010926969,-0.25907234,-11.72386,-0.014503595,-0.2602576,-11.678465
8.372000,-0.012471741,-0.2588909,-11.727597,-0.016060383,-0.26006209,-11.681928
8.376000,-0.014023215,-0.25869603,-11.731462,-0.017623898,-0.25985294,-11.685516
8.380000,-0.015581291,-0.25848753,-11.735456,-0.019194038,-0.25962997,-11.689232
8.384000,-0.017145863,-0.2582652,-11.739583,-0.020770696,-0.25939296,-11.693079
8.388000,-0.018716824,-0.25802884,-11.743844,-0.02235376,-0.2591417,-11.697058
8.392000,-0.02029406,-0.25777823,-11.748241,-0.023943117,-0.25887599,-11.701172
8.396000,-0.021877451,-0.25751319,-11.752777,-0.025538645,-0.25859563,-11.705423
8.400000,-0.023466876,-0.25723349,-11.757455,-0.027140219,-0.2583004,-11.709814
8.404000,-0.025062207,-0.25693894,-11.762276,-0.02874771,-0.25799009,-11.714347
8.408000,-0.02666331,-0.25662934,-11.767244,-0.030360982,-0.2576645,-11.719024
8.412000,-0.028270049,-0.25630447,-11.77236,-0.031979895,-0.25732342,-11.723849
8.416000,-0.029882281,-0.25596413,-11.777627,-0.033604304,-0.25696663,-11.728822
8.420000,-0.031499857,-0.25560811,-11.783048,-0.035234058,-0.25659393,-11.733947
8.424000,-0.033122625,-0.2552362,-11.788625,-0.036869002,-0.25620511,-11.739227
8.428000,-0.034750427,-0.25484821,-11.79436,-0.038508974,-0.25579995,-11.744664
8.432000,-0.036383098,-0.25444392,-11.800257,-0.040153809,-0.25537824,-11.750261
8.436000,-0.038020471,-0.25402313,-11.806318,-0.041803332,-0.25493979,-11.75602
8.440000,-0.039662369,-0.25358563,-11.812545,-0.043457367,-0.25448437,-11.761944
8.444000,-0.041308613,-0.25313121,-11.818942,-0.04511573,-0.25401179,-11.768035
8.448000,-0.042959017,-0.25265968,-11.82551,-0.046778232,-0.25352182,-11.774298
8.452000,-0.04461339,-0.25217084,-11.832254,-0.048444677,-0.25301427,-11.780733
8.456000,-0.046271534,-0.25166447,-11.839175,-0.050114864,-0.25248893,-11.787344
8.460000,-0.047933245,-0.25114037,-11.846276,-0.051788586,-0.2519456,-11.794134
8.464000,-0.049598315,-0.25059836,-11.853561,-0.05346563,-0.25138406,-11.801106
8.468000,-0.051266528,-0.25003822,-11.861031,-0.055145776,-0.25080413,-11.808262
8.472000,-0.052937664,-0.24945977,-11.868691,-0.056828798,-0.25020559,-11.815606
8.476000,-0.054611495,-0.2488628,-11.876542,-0.058514466,-0.24958825,-11.823141
8.480000,-0.056287788,-0.24824712,-11.884589,-0.060202541,-0.24895192,-11.830869
8.484000,-0.057966303,-0.24761255,-11.892833,-0.061892779,-0.2482964,-11.838793
8.488000,-0.059646794,-0.24695889,-11.901278,-0.063584928,-0.24762149,-11.846917
8.492000,-0.06132901,-0.24628595,-11.909926,-0.065278733,-0.246927,-11.855243
8.496000,-0.063012693,-0.24559356,-11.918782,-0.066973929,-0.24621275,-11.863775
8.500000,-0.064697576,-0.24488153,-11.927848,-0.068670246,-0.24547856,-11.872515
8.504000,-0.066383391,-0.24414968,-11.937127,-0.070367407,-0.24472424,-11.881468
8.508000,-0.068069859,-0.24339783,-11.946622,-0.072065131,-0.24394961,-11.890635
8.512000,-0.069756697,-0.24262582,-11.956337,-0.073763126,-0.24315449,-11.900021
8.516000,-0.071443615,-0.24183348,-11.966274,-0.075461097,-0.24233872,-11.909629
8.520000,-0.073130316,-0.24102063,-11.976437,-0.077158742,-0.24150213,-11.919461
8.524000,-0.074816498,-0.24018713,-11.98683,-0.07885575,-0.24064456,-11.929521
8.528000,-0.076501851,-0.23933281,-11.997454,-0.080551807,-0.23976583,-11.939812
8.532000,-0.078186061,-0.23845752,-12.008315,-0.082246589,-0.23886581,-11.950338
8.536000,-0.079868804,-0.23756112,-12.019414,-0.083939769,-0.23794433,-11.961102
8.540000,-0.081549754,-0.23664345,-12.030756,-0.08563101,-0.23700126,-11.972108
8.544000,-0.083228576,-0.23570438,-12.042343,-0.087319971,-0.23603644,-11.983358
8.548000,-0.084904928,-0.23474378,-12.054179,-0.089006304,-0.23504976,-11.994856
8.552000,-0.086578465,-0.23376152,-12.066268,-0.090689654,-0.23404106,-12.006606
8.556000,-0.088248832,-0.23275748,-12.078613,-0.09236966,-0.23301024,-12.018611
8.560000,-0.089915672,-0.23173153,-12.091216,-0.094045955,-0.23195717,-12.030874
8.564000,-0.091578619,-0.23068358,-12.104083,-0.095718166,-0.23088174,-12.0434
8.568000,-0.093237302,-0.22961352,-12.117216,-0.097385914,-0.22978385,-12.056191
8.572000,-0.094891345,-0.22852125,-12.130618,-0.099048812,-0.2286634,-12.069251
8.576000,-0.096540364,-0.22740667,-12.144293,-0.10070647,-0.22752029,-12.082583
8.580000,-0.098183971,-0.22626971,-12.158245,-0.10235849,-0.22635443,-12.096192
8.584000,-0.099821774,-0.22511029,-12.172478,-0.10400447,-0.22516576,-12.11008
8.588000,-0.10145337,-0.22392833,-12.186994,-0.105644,-0.22395421,-12.124252
8.592000,-0.10307836,-0.22272379,-12.201797,-0.10727667,-0.2227197,-12.13871
8.596000,-0.10469633,-0.2214966,-12.216891,-0.10890206,-0.22146219,-12.153459
8.600000,-0.10630687,-0.22024672,-12.232279,-0.11051974,-0.22018164,-12.168502
8.604000,-0.10790956,-0.21897411,-12.247965,-0.11212929,-0.21887799,-12.183842
8.608000,-0.10950397,-0.21767875,-12.263952,-0.11373027,-0.21755124,-12.199484
8.612000,-0.11108967,-0.21636061,-12.280245,-0.11532224,-0.21620135,-12.215431
8.616000,-0.11266624,-0.21501968,-12.296846,-0.11690476,-0.21482832,-12.231686
8.620000,-0.11423323,-0.21365597,-12.313759,-0.11847738,-0.21343215,-12.248254
8.624000,-0.11579021,-0.21226947,-12.330988,-0.12003965,-0.21201285,-12.265137
8.628000,-0.11733673,-0.21086022,-12.348537,-0.12159111,-0.21057043,-12.282339
8.632000,-0.11887233,-0.20942823,-12.366408,-0.12313131,-0.20910494,-12.299865
8.636000,-0.12039658,-0.20797354,-12.384606,-0.12465979,-0.20761639,-12.317718
8.640000,-0.12190902,-0.20649621,-12.403133,-0.12617607,-0.20610486,-12.3359
8.644000,-0.12340918,-0.20499629,-12.421994,-0.12767969,-0.2045704,-12.354417
8.648000,-0.12489661,-0.20347384,-12.441193,-0.12917018,-0.20301308,-12.373271
8.652000,-0.12637085,-0.20192896,-12.460732,-0.13064707,-0.20143298,-12.392466
8.656000,-0.12783144,-0.20036172,-12.480615,-0.13210988,-0.19983021,-12.412006
8.660000,-0.1292779,-0.19877224,-12.500846,-0.13355813,-0.19820486,-12.431894
8.664000,-0.13070978,-0.19716062,-12.521428,-0.13499135,-0.19655705,-12.452135
8.668000,-0.13212659,-0.19552699,-12.542365,-0.13640906,-0.19488692,-12.47273
8.672000,-0.13352789,-0.19387149,-12.56366,-0.13781077,-0.19319461,-12.493685
8.676000,-0.13491318,-0.19219426,-12.585317,-0.13919601,-0.19148027,-12.515001
8.680000,-0.13628202,-0.19049546,-12.607338,-0.1405643,-0.18974406,-12.536684
8.684000,-0.13763393,-0.18877527,-12.629728,-0.14191516,-0.18798617,-12.558736
8.688000,-0.13896843,-0.18703388,-12.65249,-0.1432481,-0.18620678,-12.581161
8.692000,-0.14028507,-0.18527146,-12.675627,-0.14456265,-0.1844061,-12.603963
8.696000,-0.14158337,-0.18348824,-12.699142,-0.14585833,-0.18258435,-12.627143
8.700000,-0.14286288,-0.18168444,-12.723039,-0.14713466,-0.18074175,-12.650707
8.704000,-0.14412312,-0.17986028,-12.747322,-0.14839118,-0.17887855,-12.674657
8.708000,-0.14536365,-0.17801602,-12.771992,-0.14962741,-0.17699499,-12.698997
8.712000,-0.146584,-0.1761519,-12.797054,-0.15084288,-0.17509135,-12.723729
8.716000,-0.14778372,-0.17426821,-12.82251,-0.15203714,-0.1731679,-12.748857
8.720000,-0.14896236,-0.17236522,-12.848364,-0.15320971,-0.17122494,-12.774385
8.724000,-0.15011948,-0.17044322,-12.874618,-0.15436014,-0.16926278,-12.800315
8.728000,-0.15125462,-0.16850253,-12.901277,-0.15548799,-0.16728173,-12.82665
8.732000,-0.15236736,-0.16654346,-12.928342,-0.15659279,-0.16528211,-12.853394
8.736000,-0.15345726,-0.16456635,-12.955817,-0.15767412,-0.16326429,-12.880549
8.740000,-0.1545239,-0.16257154,-12.983704,-0.15873153,-0.1612286,-12.908118
8.744000,-0.15556685,-0.16055938,-13.012006,-0.1597646,-0.15917543,-12.936105
8.748000,-0.1565857,-0.15853024,-13.040727,-0.1607729,-0.15710514,-12.964511
8.752000,-0.15758005,-0.15648451,-13.069869,-0.16175602,-0.15501814,-12.993341
8.756000,-0.15854949,-0.15442257,-13.099434,-0.16271354,-0.15291483,-13.022596
8.760000,-0.15949363,-0.15234483,-13.129425,-0.16364508,-0.15079562,-13.052279
8.764000,-0.16041209,-0.1502517,-13.159844,-0.16455022,-0.14866095,-13.082393
8.768000,-0.16130449,-0.14814361,-13.190695,-0.1654286,-0.14651126,-13.11294
8.772000,-0.16217046,-0.14602099,-13.22198,-0.16627983,-0.14434699,-13.143923
8.776000,-0.16300965,-0.1438843,-13.2537,-0.16710356,-0.14216862,-13.175344
8.780000,-0.1638217,-0.14173399,-13.285858,-0.16789942,-0.13997661,-13.207205
8.784000,-0.16460628,-0.13957053,-13.318457,-0.16866708,-0.13777145,-13.239509
8.788000,-0.16536306,-0.13739439,-13.351498,-0.16940619,-0.13555364,-13.272259
8.792000,-0.16609172,-0.13520608,-13.384983,-0.17011643,-0.13332368,-13.305455
8.796000,-0.16679195,-0.13300608,-13.418915,-0.1707975,-0.13108209,-13.3391
8.800000,-0.16746346,-0.13079491,-13.453296,-0.17144909,-0.12882938,-13.373196
8.804000,-0.16810596,-0.12857308,-13.488126,-0.17207092,-0.12656611,-13.407745
8.808000,-0.16871918,-0.12634111,-13.523409,-0.17266271,-0.1242928,-13.442748
8.812000,-0.16930286,-0.12409955,-13.559145,-0.17322419,-0.12201002,-13.478208
8.816000,-0.16985676,-0.12184892,-13.595337,-0.17375512,-0.11971831,-13.514125
8.820000,-0.17038064,-0.11958979,-13.631985,-0.17425526,-0.11741825,-13.550502
8.824000,-0.17087427,-0.11732271,-13.669091,-0.17472439,-0.11511042,-13.58734
8.828000,-0.17133745,-0.11504823,-13.706657,-0.1751623,-0.11279538,-13.624639
8.832000,-0.17176999,-0.11276694,-13.744683,-0.17556879,-0.11047375,-13.662403
8.836000,-0.1721717,-0.1104794,-13.783171,-0.17594369,-0.10814609,-13.70063
8.840000,-0.17254242,-0.10818619,-13.822122,-0.17628683,-0.10581303,-13.739324
8.844000,-0.17288199,-0.10588791,-13.861536,-0.17659806,-0.10347515,-13.778484
8.848000,-0.17319028,-0.10358515,-13.901415,-0.17687724,-0.10113308,-13.818111
8.852000,-0.17346717,-0.10127849,-13.941759,-0.17712426,-0.098787429,-13.858206
8.856000,-0.17371254,-0.098968545,-13.982569,-0.177339,-0.096438809,-13.89877
8.860000,-0.1739263,-0.096655909,-14.023846,-0.17752138,-0.094087845,-13.939804
8.864000,-0.17410838,-0.09434119,-14.06559,-0.17767133,-0.091735162,-13.981307
8.868000,-0.17425871,-0.092024995,-14.107801,-0.17778878,-0.089381386,-14.02328
8.872000,-0.17437724,-0.089707935,-14.150479,-0.1778737,-0.087027146,-14.065724
8.876000,-0.17446394,-0.087390619,-14.193625,-0.17792606,-0.084673072,-14.108638
8.880000,-0.1745188,-0.085073662,-14.237239,-0.17794584,-0.082319794,-14.152023
8.884000,-0.1745418,-0.082757675,-14.28132,-0.17793306,-0.079967944,-14.195878
8.888000,-0.17453297,-0.080443271,-14.325869,-0.17788773,-0.077618153,-14.240203
8.892000,-0.17449233,-0.078131063,-14.370884,-0.17780989,-0.07527105,-14.284998
8.896000,-0.17441992,-0.075821662,-14.416367,-0.17769959,-0.072927266,-14.330262
8.900000,-0.17431581,-0.073515678,-14.462315,-0.17755691,-0.070587428,-14.375996
8.904000,-0.17418008,-0.071213719,-14.508729,-0.17738193,-0.068252161,-14.422197
8.908000,-0.1740128,-0.068916391,-14.555608,-0.17717475,-0.065922089,-14.468866
8.912000,-0.17381408,-0.066624296,-14.602951,-0.17693548,-0.063597829,-14.516001
8.916000,-0.17358406,-0.064338034,-14.650757,-0.17666427,-0.06128,-14.563602
8.920000,-0.17332285,-0.062058202,-14.699024,-0.17636124,-0.058969212,-14.611668
8.924000,-0.17303061,-0.059785389,-14.747752,-0.17602657,-0.056666072,-14.660196
8.928000,-0.1727075,-0.057520184,-14.79694,-0.17566044,-0.054371184,-14.709187
8.932000,-0.1723537,-0.055263168,-14.846585,-0.17526303,-0.052085143,-14.758637
8.936000,-0.17196941,-0.053014918,-14.896687,-0.17483456,-0.049808541,-14.808546
8.940000,-0.17155483,-0.050776002,-14.947243,-0.17437524,-0.047541961,-14.858913
8.944000,-0.17111018,-0.048546986,-14.998253,-0.1738853,-0.045285982,-14.909734
8.948000,-0.17063568,-0.046328426,-15.049713,-0.17336501,-0.043041173,-14.961008
8.952000,-0.1701316,-0.044120872,-15.101622,-0.17281462,-0.040808098,-15.012734
8.956000,-0.16959819,-0.041924866,-15.153978,-0.1722344,-0.03858731,-15.064908
8.960000,-0.16903572,-0.039740943,-15.206778,-0.17162465,-0.036379356,-15.117529
8.964000,-0.16844448,-0.037569628,-15.260021,-0.17098566,-0.034184772,-15.170594
8.968000,-0.16782476,-0.035411439,-15.313703,-0.17031776,-0.032004088,-15.2241
8.972000,-0.16717687,-0.033266884,-15.367822,-0.16962126,-0.029837822,-15.278044
8.976000,-0.16650113,-0.031136461,-15.422376,-0.16889651,-0.027686482,-15.332425
8.980000,-0.16579788,-0.029020662,-15.47736,-0.16814385,-0.025550567,-15.387239
8.984000,-0.16506745,-0.026919964,-15.532773,-0.16736364,-0.023430565,-15.442482
8.988000,-0.16431019,-0.024834837,-15.588611,-0.16655626,-0.021326953,-15.498152
8.992000,-0.16352647,-0.02276574,-15.644871,-0.16572208,-0.019240198,-15.554245
8.996000,-0.16271666,-0.020713121,-15.70155,-0.1648615,-0.017170755,-15.610758
9.000000,-0.16188114,-0.018677417,-15.758644,-0.16397491,-0.015119067,-15.667687
9.004000,-0.16102029,-0.016659055,-15.816149,-0.16306272,-0.013085567,-15.725028
9.008000,-0.16013453,-0.014658448,-15.874061,-0.16212536,-0.011070674,-15.782778
9.012000,-0.15922424,-0.012676001,-15.932378,-0.16116324,-0.0090747955,-15.840932
9.016000,-0.15828986,-0.010712105,-15.991094,-0.16017681,-0.0070983281,-15.899487
9.020000,-0.15733179,-0.0087671393,-16.050206,-0.15916649,-0.0051416545,-15.958438
9.024000,-0.15635047,-0.0068414714,-16.109709,-0.15813274,-0.0032051452,-16.01778
9.028000,-0.15534633,-0.0049354571,-16.169599,-0.15707601,-0.0012891583,-16.07751
9.032000,-0.15431981,-0.0030494396,-16.229871,-0.15599677,0.00060596135,-16.137622
9.036000,-0.15327136,-0.00118375,-16.290521,-0.15489547,0.0024798814,-16.198112
9.040000,-0.15220143,0.00066129314,-16.351544,-0.15377259,0.0043322825,-16.258975
9.044000,-0.15111047,0.0024853837,-16.412934,-0.15262861,0.0061628585,-16.320206
9.048000,-0.14999894,0.0042882279,-16.474688,-0.151464,0.0079713161,-16.381799
9.052000,-0.14886732,0.0060695447,-16.536799,-0.15027924,0.0097573751,-16.44375
9.056000,-0.14771606,0.0078290656,-16.599263,-0.14907484,0.011520769,-16.506052
9.060000,-0.14654564,0.0095665344,-16.662074,-0.14785126,0.013261242,-16.568701
9.064000,-0.14535654,0.011281708,-16.725225,-0.14660902,0.014978556,-16.63169
9.068000,-0.14414923,0.012974354,-16.788712,-0.1453486,0.01667248,-16.695013
9.072000,-0.14292419,0.014644256,-16.852529,-0.1440705,0.018342802,-16.758665
9.076000,-0.14168189,0.016291207,-16.916669,-0.14277522,0.019989317,-16.822639
9.080000,-0.14042283,0.017915013,-16.981127,-0.14146326,0.021611838,-16.886929
9.084000,-0.13914749,0.019515492,-17.045895,-0.14013512,0.023210188,-16.951528
9.088000,-0.13785634,0.021092476,-17.110968,-0.1387913,0.024784203,-17.01643
9.092000,-0.13654988,0.022645808,-17.176339,-0.1374323,0.026333731,-17.081628
9.096000,-0.13522858,0.024175342,-17.242001,-0.13605863,0.027858634,-17.147116
9.100000,-0.13389293,0.025680945,-17.307947,-0.13467078,0.029358786,-17.212885
9.104000,-0.13254342,0.027162495,-17.37417,-0.13326925,0.030834072,-17.278929
9.108000,-0.13118052,0.028619884,-17.440663,-0.13185455,0.032284389,-17.345241
9.112000,-0.12980471,0.030053011,-17.507418,-0.13042715,0.033709647,-17.411812
9.116000,-0.12841647,0.031461791,-17.574428,-0.12898757,0.035109767,-17.478636
9.120000,-0.12701628,0.032846147,-17.641685,-0.12753628,0.036484681,-17.545704
9.124000,-0.12560461,0.034206015,-17.709182,-0.12607378,0.037834334,-17.613008
9.128000,-0.12418194,0.035541339,-17.77691,-0.12460056,0.039158681,-17.68054
9.132000,-0.12274873,0.036852077,-17.84486,-0.1231171,0.040457686,-17.748292
9.136000,-0.12130544,0.038138195,-17.913025,-0.12162387,0.041731328,-17.816255
9.140000,-0.11985255,0.039399671,-17.981397,-0.12012135,0.042979593,-17.88442
9.144000,-0.11839051,0.040636491,-18.049965,-0.11861002,0.044202478,-17.95278
9.148000,-0.11691977,0.041848652,-18.118722,-0.11709034,0.045399991,-18.021323
9.152000,-0.11544079,0.043036161,-18.187658,-0.11556278,0.046572148,-18.090042
9.156000,-0.113954,0.044199034,-18.256765,-0.11402778,0.047718978,-18.158927
9.160000,-0.11245987,0.045337295,-18.326031,-0.11248582,0.048840515,-18.227968
9.164000,-0.11095881,0.046450979,-18.395449,-0.11093733,0.049936805,-18.297155
9.168000,-0.10945127,0.047540128,-18.465008,-0.10938276,0.051007903,-18.366479
9.172000,-0.10793768,0.048604793,-18.534699,-0.10782255,0.052053871,-18.43593
9.176000,-0.10641845,0.049645034,-18.60451,-0.10625713,0.05307478,-18.505497
9.180000,-0.104894,0.050660918,-18.674432,-0.10468692,0.054070709,-18.575169
9.184000,-0.10336475,0.051652521,-18.744454,-0.10311236,0.055041746,-18.644936
9.188000,-0.1018311,0.052619924,-18.814565,-0.10153385,0.055987986,-18.714787
9.192000,-0.10029346,0.053563218,-18.884755,-0.099951806,0.056909531,-18.784711
9.196000,-0.098752221,0.0544825,-18.955011,-0.098366628,0.05780649,-18.854696
9.200000,-0.097207769,0.055377874,-19.025324,-0.096778714,0.05867898,-18.924732
9.204000,-0.095660489,0.056249451,-19.095681,-0.095188456,0.059527123,-18.994806
9.208000,-0.094110759,0.057097347,-19.16607,-0.093596238,0.060351049,-19.064906
9.212000,-0.092558952,0.057921685,-19.236479,-0.092002437,0.061150894,-19.135021
9.216000,-0.091005431,0.058722595,-19.306897,-0.090407424,0.061926798,-19.205137
9.220000,-0.089450556,0.059500212,-19.377311,-0.088811565,0.06267891,-19.275244
9.224000,-0.087894679,0.060254674,-19.447708,-0.087215217,0.063407381,-19.345327
9.228000,-0.086338147,0.060986128,-19.518075,-0.085618731,0.06411237,-19.415374
9.232000,-0.084781299,0.061694724,-19.5884,-0.084022453,0.06479404,-19.485372
9.236000,-0.083224468,0.062380617,-19.658669,-0.082426718,0.065452557,-19.555308
9.240000,-0.081667982,0.063043966,-19.728869,-0.08083186,0.066088095,-19.625167
9.244000,-0.080112161,0.063684936,-19.798986,-0.0792382,0.066700828,-19.694937
9.248000,-0.078557319,0.064303695,-19.869007,-0.077646058,0.067290939,-19.764603
9.252000,-0.077003762,0.064900414,-19.938917,-0.076055743,0.06785861,-19.834151
9.256000,-0.075451793,0.06547527,-20.008702,-0.074467558,0.068404031,-19.903567
9.260000,-0.073901705,0.066028442,-20.078347,-0.072881801,0.068927391,-19.972837
9.264000,-0.072353786,0.066560112,-20.147838,-0.071298762,0.069428887,-20.041945
9.268000,-0.070808317,0.067070466,-20.21716,-0.069718723,0.069908715,-20.110877
9.272000,-0.069265574,0.067559693,-20.286299,-0.068141962,0.070367076,-20.179617
9.276000,-0.067725825,0.068027983,-20.355238,-0.066568748,0.070804172,-20.248151
9.280000,-0.066189331,0.068475531,-20.423963,-0.064999344,0.07122021,-20.316463
9.284000,-0.064656349,0.068902533,-20.492457,-0.063434007,0.071615396,-20.384537
9.288000,-0.063127128,0.069309187,-20.560705,-0.061872986,0.071989941,-20.452358
9.292000,-0.061601911,0.069695694,-20.628692,-0.060316526,0.072344056,-20.519909
9.296000,-0.060080935,0.070062256,-20.6964,-0.058764862,0.072677955,-20.587175
9.300000,-0.05856443,0.070409077,-20.763814,-0.057218226,0.072991852,-20.654139
9.304000,-0.057052621,0.070736362,-20.830918,-0.055676841,0.073285963,-20.720785
9.308000,-0.055545726,0.071044318,-20.897694,-0.054140925,0.073560507,-20.787096
9.312000,-0.054043958,0.071333153,-20.964126,-0.052610691,0.073815701,-20.853056
9.316000,-0.052547524,0.071603076,-21.030197,-0.051086342,0.074051765,-20.918648
9.320000,-0.051056623,0.071854297,-21.095891,-0.04956808,0.074268919,-20.983855
9.324000,-0.049571451,0.072087027,-21.16119,-0.048056096,0.074467385,-21.04866
9.328000,-0.048092196,0.072301478,-21.226077,-0.046550579,0.074647382,-21.113046
9.332000,-0.046619043,0.07249786,-21.290536,-0.045051711,0.074809133,-21.176996
9.336000,-0.045152168,0.072676387,-21.354548,-0.043559666,0.07495286,-21.240493
9.340000,-0.043691744,0.07283727,-21.418096,-0.042074615,0.075078784,-21.30352
9.344000,-0.042237938,0.072980724,-21.481164,-0.040596723,0.075187128,-21.366059
9.348000,-0.040790911,0.073106959,-21.543733,-0.039126149,0.075278114,-21.428093
9.352000,-0.039350819,0.073216189,-21.605787,-0.037663046,0.075351962,-21.489605
9.356000,-0.037917814,0.073308627,-21.667308,-0.036207563,0.075408895,-21.550578
9.360000,-0.03649204,0.073384484,-21.728278,-0.034759842,0.075449132,-21.610994
9.364000,-0.03507364,0.073443973,-21.788681,-0.033320022,0.075472894,-21.670837
9.368000,-0.033662748,0.073487304,-21.848498,-0.031888236,0.075480401,-21.730089
9.372000,-0.032259496,0.073514688,-21.907714,-0.03046461,0.075471871,-21.788734
9.376000,-0.03086401,0.073526335,-21.96631,-0.029049269,0.075447522,-21.846754
9.380000,-0.029476411,0.073522454,-22.024271,-0.027642331,0.075407572,-21.904133
9.384000,-0.028096818,0.073503255,-22.081579,-0.026243908,0.075352235,-21.960855
9.388000,-0.026725341,0.073468944,-22.138217,-0.024854111,0.075281728,-22.016902
9.392000,-0.02536209,0.073419728,-22.194169,-0.023473043,0.075196264,-22.072259
9.396000,-0.024007167,0.073355812,-22.249418,-0.022100804,0.075096056,-22.126909
9.400000,-0.022660673,0.073277401,-22.30395,-0.020737491,0.074981314,-22.180838
9.404000,-0.021322702,0.073184699,-22.357747,-0.019383195,0.074852249,-22.234029
9.408000,-0.019993347,0.073077906,-22.410795,-0.018038002,0.07470907,-22.286467
9.412000,-0.018672693,0.072957224,-22.463077,-0.016701998,0.074551983,-22.338137
9.416000,-0.017360826,0.072822852,-22.51458,-0.01537526,0.074381195,-22.389024
9.420000,-0.016057824,0.072674988,-22.565288,-0.014057864,0.074196908,-22.439115
9.424000,-0.014763763,0.072513828,-22.615188,-0.012749883,0.073999327,-22.488395
9.428000,-0.013478716,0.072339568,-22.664265,-0.011451385,0.07378865,-22.536851
9.432000,-0.012202752,0.0721524,-22.712506,-0.010162433,0.073565079,-22.584469
9.436000,-0.010935935,0.071952517,-22.759898,-0.0088830896,0.073328809,-22.631238
9.440000,-0.0096783274,0.07174011,-22.806427,-0.0076134118,0.073080037,-22.677144
9.444000,-0.0084299884,0.071515365,-22.852083,-0.0063534543,0.072818957,-22.722175
9.448000,-0.0071909731,0.071278471,-22.896854,-0.005103268,0.072545759,-22.766321
9.452000,-0.0059613339,0.071029613,-22.940727,-0.0038629009,0.072260636,-22.809571
9.456000,-0.0047411199,0.070768974,-22.983693,-0.0026323981,0.071963774,-22.851914
9.460000,-0.0035303776,0.070496736,-23.025742,-0.0014118014,0.07165536,-22.893341
9.464000,-0.0023291503,0.070213078,-23.066863,-0.00020115001,0.071335579,-22.933842
9.468000,-0.0011374788,0.069918179,-23.107049,0.00099951994,0.071004613,-22.973408
9.472000,4.4599201e-05,0.069612215,-23.146289,0.0021901749,0.070662642,-23.012032
9.476000,0.0012170483,0.069295361,-23.184577,0.0033707839,0.070309845,-23.049707
9.480000,0.0023798359,0.068967788,-23.221906,0.0045413188,0.069946399,-23.086424
9.484000,0.0035329318,0.068629668,-23.258268,0.0057017537,0.069572478,-23.122179
9.488000,0.0046763083,0.06828117,-23.293659,0.0068520653,0.069188255,-23.156965
9.492000,0.00580994,0.06792246,-23.328071,0.0079922325,0.0687939,-23.190777
9.496000,0.0069338037,0.067553703,-23.361502,0.0091222366,0.068389582,-23.223611
9.500000,0.0080478787,0.067175062,-23.393947,0.010242061,0.067975466,-23.255464
9.504000,0.0091521461,0.066786699,-23.425402,0.011351691,0.067551718,-23.286332
9.508000,0.010246589,0.066388772,-23.455865,0.012451115,0.0671185,-23.316212
9.512000,0.011331194,0.065981439,-23.485334,0.013540322,0.066675972,-23.345104
9.516000,0.012405947,0.065564855,-23.513807,0.014619304,0.066224292,-23.373006
9.520000,0.013470837,0.065139174,-23.541284,0.015688055,0.065763617,-23.399918
9.524000,0.014525857,0.064704546,-23.567765,0.016746568,0.0652941,-23.425839
9.528000,0.015570998,0.064261122,-23.59325,0.017794843,0.064815895,-23.450772
9.532000,0.016606255,0.06380905,-23.617741,0.018832876,0.064329151,-23.474716
9.536000,0.017631624,0.063348473,-23.64124,0.019860669,0.063834015,-23.497675
9.540000,0.018647103,0.062879538,-23.66375,0.020878223,0.063330635,-23.519651
9.544000,0.019652691,0.062402384,-23.685272,0.021885542,0.062819155,-23.540648
9.548000,0.020648389,0.061917153,-23.705812,0.02288263,0.062299715,-23.56067
9.552000,0.021634199,0.061423982,-23.725374,0.023869493,0.061772458,-23.57972
9.556000,0.022610124,0.060923008,-23.743963,0.02484614,0.06123752,-23.597806
9.560000,0.02357617,0.060414364,-23.761585,0.025812578,0.060695038,-23.614931
9.564000,0.024532342,0.059898183,-23.778245,0.026768818,0.060145145,-23.631103
9.568000,0.025478648,0.059374595,-23.793951,0.027714871,0.059587976,-23.646328
9.572000,0.026415096,0.05884373,-23.80871,0.028650749,0.059023659,-23.660614
9.576000,0.027341696,0.058305714,-23.822529,0.029576466,0.058452323,-23.673968
9.580000,0.028258458,0.057760672,-23.835417,0.030492036,0.057874094,-23.6864
9.584000,0.029165394,0.057208727,-23.847384,0.031397474,0.057289098,-23.697917
9.588000,0.030062516,0.056650001,-23.858437,0.032292796,0.056697457,-23.708529
9.592000,0.030949839,0.056084613,-23.868586,0.033178021,0.056099293,-23.718245
9.596000,0.031827377,0.055512682,-23.877843,0.034053165,0.055494723,-23.727077
9.600000,0.032695144,0.054934323,-23.886217,0.034918248,0.054883866,-23.735033
9.604000,0.033553158,0.05434965,-23.893719,0.035773289,0.054266837,-23.742126
9.608000,0.034401434,0.053758777,-23.90036,0.03661831,0.05364375,-23.748365
9.612000,0.035239991,0.053161815,-23.906153,0.037453329,0.053014716,-23.753764
9.616000,0.036068848,0.052558872,-23.911108,0.038278371,0.052379846,-23.758333
9.620000,0.036888021,0.051950056,-23.915238,0.039093456,0.051739249,-23.762084
9.624000,0.037697533,0.051335473,-23.918555,0.039898608,0.051093031,-23.765029
9.628000,0.038497402,0.050715228,-23.921072,0.040693849,0.050441298,-23.767183
9.632000,0.039287649,0.050089424,-23.922802,0.041479205,0.049784152,-23.768555
9.636000,0.040068296,0.04945816,-23.923758,0.042254699,0.049121696,-23.769161
9.640000,0.040839364,0.048821538,-23.923953,0.043020356,0.04845403,-23.769013
9.644000,0.041600876,0.048179654,-23.9234,0.043776202,0.047781252,-23.768124
9.648000,0.042352854,0.047532606,-23.922113,0.044522262,0.04710346,-23.766507
9.652000,0.04309532,0.046880489,-23.920105,0.045258561,0.046420749,-23.764175
9.656000,0.0438283,0.046223395,-23.917391,0.045985127,0.045733212,-23.761144
9.660000,0.044551815,0.045561417,-23.913984,0.046701986,0.045040942,-23.757425
9.664000,0.045265891,0.044894645,-23.909897,0.047409165,0.044344031,-23.753032
9.668000,0.045970551,0.044223168,-23.905144,0.048106691,0.043642567,-23.74798
9.672000,0.04666582,0.043547075,-23.89974,0.048794591,0.042936639,-23.742281
9.676000,0.047351723,0.04286645,-23.893698,0.049472892,0.042226332,-23.735949
9.680000,0.048028284,0.042181379,-23.887032,0.050141623,0.041511732,-23.728999
9.684000,0.048695529,0.041491946,-23.879756,0.050800811,0.040792924,-23.721443
9.688000,0.049353484,0.040798233,-23.871884,0.051450484,0.040069988,-23.713295
9.692000,0.050002174,0.040100319,-23.863428,0.052090669,0.039343006,-23.704569
9.696000,0.050641623,0.039398286,-23.854403,0.052721396,0.038612058,-23.695277
9.700000,0.051271859,0.038692211,-23.844823,0.053342693,0.037877221,-23.685434
9.704000,0.051892906,0.037982171,-23.8347,0.053954586,0.037138574,-23.675051
9.708000,0.052504791,0.037268241,-23.824048,0.054557105,0.036396191,-23.664144
9.712000,0.05310754,0.036550497,-23.812879,0.055150278,0.035650148,-23.652723
9.716000,0.053701177,0.035829011,-23.801208,0.055734133,0.034900517,-23.640802
9.720000,0.05428573,0.035103856,-23.789046,0.056308697,0.034147371,-23.628394
9.724000,0.054861223,0.034375103,-23.776407,0.056874,0.03339078,-23.615511
9.728000,0.055427683,0.03364282,-23.763303,0.057430069,0.032630814,-23.602165
9.732000,0.055985136,0.032907078,-23.749746,0.057976931,0.031867542,-23.588369
9.736000,0.056533607,0.032167943,-23.735749,0.058514615,0.031101032,-23.574134
9.740000,0.057073121,0.031425482,-23.721323,0.059043148,0.030331349,-23.559472
9.744000,0.057603705,0.03067976,-23.706481,0.059562557,0.029558558,-23.544395
9.748000,0.058125384,0.029930842,-23.691233,0.060072871,0.028782725,-23.528915
9.752000,0.058638182,0.029178791,-23.675591,0.060574116,0.028003912,-23.513041
9.756000,0.059142125,0.028423669,-23.659566,0.061066319,0.027222181,-23.496786
9.760000,0.059637238,0.027665537,-23.64317,0.061549506,0.026437593,-23.48016
9.764000,0.060123546,0.026904456,-23.626413,0.062023706,0.025650209,-23.463174
9.768000,0.060601073,0.026140485,-23.609306,0.062488943,0.024860087,-23.445838
9.772000,0.061069844,0.025373683,-23.591858,0.062945244,0.024067287,-23.428162
9.776000,0.061529883,0.024604106,-23.57408,0.063392636,0.023271864,-23.410155
9.780000,0.061981213,0.023831812,-23.555982,0.063831142,0.022473875,-23.391829
9.784000,0.06242386,0.023056856,-23.537574,0.06426079,0.021673377,-23.373192
9.788000,0.062857846,0.022279294,-23.518864,0.064681604,0.020870423,-23.354253
9.792000,0.063283194,0.021499178,-23.499863,0.065093609,0.020065067,-23.335022
9.796000,0.063699928,0.020716562,-23.480578,0.065496829,0.019257362,-23.315507
9.800000,0.06410807,0.019931498,-23.461019,0.065891289,0.01844736,-23.295716
9.804000,0.064507643,0.019144039,-23.441195,0.066277013,0.017635112,-23.27566
9.808000,0.06489867,0.018354234,-23.421113,0.066654024,0.016820669,-23.255344
9.812000,0.065281171,0.017562134,-23.400781,0.067022346,0.016004081,-23.234778
9.816000,0.065655169,0.016767787,-23.380208,0.067382001,0.015185396,-23.213969
9.820000,0.066020685,0.015971243,-23.359402,0.067733012,0.014364663,-23.192925
9.824000,0.06637774,0.015172549,-23.338368,0.068075402,0.013541929,-23.171653
9.828000,0.066726355,0.014371752,-23.317116,0.068409193,0.012717241,-23.150159
9.832000,0.06706655,0.013568899,-23.295651,0.068734406,0.011890645,-23.128452
9.836000,0.067398345,0.012764035,-23.273981,0.069051062,0.011062187,-23.106537
9.840000,0.067721761,0.011957205,-23.252113,0.069359182,0.010231911,-23.084422
9.844000,0.068036815,0.011148455,-23.230051,0.069658786,0.0093998622,-23.062112
9.848000,0.068343528,0.010337826,-23.207804,0.069949896,0.0085660833,-23.039613
9.852000,0.068641917,0.0095253642,-23.185376,0.07023253,0.0077306175,-23.016932
9.856000,0.068932002,0.0087111105,-23.162773,0.070506708,0.0068935073,-22.994074
9.860000,0.0692138,0.0078951075,-23.140002,0.070772448,0.0060547945,-22.971044
9.864000,0.069487329,0.0070773966,-23.117067,0.07102977,0.0052145203,-22.947848
9.868000,0.069752606,0.0062580188,-23.093974,0.071278691,0.0043727255,-22.924492
9.872000,0.070009648,0.0054370146,-23.070728,0.07151923,0.0035294504,-22.90098
9.876000,0.07025847,0.0046144239,-23.047333,0.071751403,0.0026847346,-22.877316
9.880000,0.07049909,0.0037902862,-23.023794,0.071975227,0.0018386174,-22.853506
9.884000,0.070731523,0.0029646404,-23.000117,0.072190719,0.00099113744,-22.829554
9.888000,0.070955784,0.0021375252,-22.976304,0.072397895,0.00014233314,-22.805464
9.892000,0.071171888,0.0013089784,-22.952361,0.072596771,-0.00070775768,-22.781241
9.896000,0.07137985,0.00047903775,-22.928292,0.072787362,-0.0015590976,-22.756888
9.900000,0.071579683,-0.00035225955,-22.904099,0.072969682,-0.0024116496,-22.73241
9.904000,0.071771401,-0.0011848767,-22.879788,0.073143746,-0.0032653771,-22.707809
9.908000,0.071955018,-0.0020187774,-22.855361,0.073309568,-0.0041202439,-22.68309
9.912000,0.072130546,-0.0028539255,-22.830822,0.073467161,-0.0049762141,-22.658256
9.916000,0.072297998,-0.0036902854,-22.806174,0.073616539,-0.0058332521,-22.633309
9.920000,0.072457385,-0.0045278219,-22.781421,0.073757714,-0.0066913229,-22.608254
9.924000,0.07260872,-0.0053664999,-22.756565,0.073890698,-0.0075503917,-22.583093
9.928000,0.072752013,-0.0062062849,-22.731609,0.074015504,-0.0084104238,-22.557829
9.932000,0.072887275,-0.0070471425,-22.706556,0.074132141,-0.0092713852,-22.532465
9.936000,0.073014517,-0.0078890386,-22.681409,0.074240622,-0.010133242,-22.507003
9.940000,0.073133748,-0.0087319396,-22.656169,0.074340957,-0.01099596,-22.481446
9.944000,0.073244979,-0.0095758121,-22.63084,0.074433155,-0.011859507,-22.455796
9.948000,0.073348217,-0.010420623,-22.605423,0.074517226,-0.012723848,-22.430056
9.952000,0.073443472,-0.011266339,-22.579922,0.074593179,-0.013588952,-22.404226
9.956000,0.073530752,-0.012112927,-22.554337,0.074661023,-0.014454785,-22.378311
9.960000,0.073610064,-0.012960355,-22.52867,0.074720767,-0.015321316,-22.352311
9.964000,0.073681417,-0.013808591,-22.502924,0.074772417,-0.016188511,-22.326228
9.968000,0.073744816,-0.014657603,-22.4771,0.074815981,-0.017056339,-22.300064
9.972000,0.073800269,-0.015507358,-22.4512,0.074851466,-0.017924767,-22.273821
9.976000,0.073847781,-0.016357826,-22.425225,0.074878878,-0.018793764,-22.2475
9.980000,0.073887358,-0.017208973,-22.399177,0.074898223,-0.019663299,-22.221102
9.984000,0.073919005,-0.01806077,-22.373056,0.074909508,-0.02053334,-22.194629
9.988000,0.073942728,-0.018913184,-22.346865,0.074912736,-0.021403855,-22.168082
9.992000,0.07395853,-0.019766185,-22.320604,0.074907912,-0.022274813,-22.141463
9.996000,0.073966415,-0.020619741,-22.294275,0.074895042,-0.023146183,-22.114772
10.000000,0.073966388,-0.021473822,-22.267878,0.074874127,-0.024017934,-22.08801
10.004000,0.07395845,-0.022328396,-22.241414,0.074845173,-0.024890034,-22.061179
10.008000,0.073942604,-0.023183433,-22.214884,0.07480818,-0.025762454,-22.034279
10.012000,0.073918854,-0.024038901,-22.188289,0.074763153,-0.026635161,-22.007311
10.016000,0.0738872,-0.024894771,-22.16163,0.074710093,-0.027508126,-21.980276
10.020000,0.073847644,-0.025751011,-22.134907,0.074649001,-0.028381317,-21.953174
10.024000,0.073800186,-0.026607592,-22.108121,0.074579879,-0.029254703,-21.926006
10.028000,0.073744829,-0.027464481,-22.081271,0.074502727,-0.030128253,-21.898772
10.032000,0.073681571,-0.02832165,-22.05436,0.074417545,-0.031001937,-21.871474
10.036000,0.073610412,-0.029179066,-22.027387,0.074324334,-0.031875723,-21.844111
10.040000,0.073531351,-0.0300367,-22.000351,0.074223092,-0.032749582,-21.816683
10.044000,0.073444388,-0.03089452,-21.973255,0.07411382,-0.03362348,-21.789192
10.048000,0.073349521,-0.031752496,-21.946097,0.073996514,-0.034497389,-21.761638
10.052000,0.073246747,-0.032610598,-21.918878,0.073871173,-0.035371276,-21.734019
10.056000,0.073136065,-0.033468794,-21.891599,0.073737796,-0.03624511,-21.706338
10.060000,0.073017472,-0.034327053,-21.864258,0.073596379,-0.037118861,-21.678593
10.064000,0.072890965,-0.035185345,-21.836857,0.073446919,-0.037992495,-21.650786
10.068000,0.072756539,-0.036043639,-21.809395,0.073289413,-0.038865983,-21.622915
10.072000,0.072614191,-0.036901902,-21.781871,0.073123856,-0.039739292,-21.594981
10.076000,0.072463917,-0.037760104,-21.754287,0.072950245,-0.040612391,-21.566984
10.080000,0.072305712,-0.038618213,-21.726642,0.072768574,-0.041485247,-21.538924
10.084000,0.072139571,-0.039476199,-21.698935,0.072578838,-0.042357829,-21.510801
10.088000,0.071965488,-0.040334028,-21.671167,0.072381033,-0.043230104,-21.482614
10.092000,0.071783457,-0.041191669,-21.643336,0.072175151,-0.044102039,-21.454364
10.096000,0.071593472,-0.04204909,-21.615444,0.071961187,-0.044973603,-21.426049
10.100000,0.071395526,-0.042906258,-21.587489,0.071739134,-0.045844761,-21.397671
10.104000,0.071189612,-0.043763142,-21.559472,0.071508985,-0.046715481,-21.369228
10.108000,0.070975723,-0.044619708,-21.531391,0.071270732,-0.047585731,-21.340721
10.112000,0.070753851,-0.045475924,-21.503247,0.071024367,-0.048455475,-21.312149
10.116000,0.070523988,-0.046331756,-21.475039,0.070769883,-0.04932468,-21.283512
10.120000,0.070286125,-0.047187171,-21.446766,0.07050727,-0.050193312,-21.254809
10.124000,0.070040253,-0.048042135,-21.418429,0.070236521,-0.051061337,-21.226039
10.128000,0.069786363,-0.048896615,-21.390026,0.069957624,-0.05192872,-21.197204
10.132000,0.069524446,-0.049750576,-21.361558,0.069670572,-0.052795426,-21.168302
10.136000,0.069254492,-0.050603983,-21.333023,0.069375353,-0.05366142,-21.139332
10.140000,0.068976489,-0.051456803,-21.304422,0.069071958,-0.054526665,-21.110295
10.144000,0.068690429,-0.052308999,-21.275753,0.068760375,-0.055391127,-21.081189
10.148000,0.068396299,-0.053160537,-21.247016,0.068440594,-0.056254769,-21.052015
10.152000,0.068094088,-0.054011381,-21.218211,0.068112604,-0.057117555,-21.022772
10.156000,0.067783785,-0.054861494,-21.189336,0.067776393,-0.057979446,-20.993459
10.160000,0.067465379,-0.05571084,-21.160392,0.067431948,-0.058840407,-20.964076
10.164000,0.067138855,-0.056559383,-21.131378,0.067079258,-0.059700398,-20.934622
10.168000,0.066804204,-0.057407085,-21.102292,0.06671831,-0.060559383,-20.905097
10.172000,0.06646141,-0.058253909,-21.073135,0.066349091,-0.061417322,-20.8755
10.176000,0.066110462,-0.059099817,-21.043907,0.065971588,-0.062274176,-20.845831
10.180000,0.065751345,-0.059944771,-21.014605,0.065585787,-0.063129907,-20.816089
10.184000,0.065384047,-0.060788731,-20.98523,0.065191676,-0.063984474,-20.786274
10.188000,0.065008552,-0.061631659,-20.955781,0.064789238,-0.064837836,-20.756385
10.192000,0.064624848,-0.062473514,-20.926257,0.064378462,-0.065689954,-20.726421
10.196000,0.064232919,-0.063314258,-20.896658,0.063959331,-0.066540786,-20.696383
10.200000,0.06383275,-0.064153849,-20.866983,0.063531831,-0.06739029,-20.666269
10.204000,0.063424327,-0.064992246,-20.837231,0.063095947,-0.068238424,-20.636079
10.208000,0.063007635,-0.065829408,-20.807402,0.062651663,-0.069085144,-20.605812
10.212000,0.062582657,-0.066665294,-20.777496,0.062198965,-0.069930409,-20.575468
10.216000,0.062149378,-0.067499859,-20.74751,0.061737837,-0.070774174,-20.545046
10.220000,0.061707782,-0.068333062,-20.717446,0.061268262,-0.071616395,-20.514546
10.224000,0.061257853,-0.069164859,-20.687302,0.060790224,-0.072457027,-20.483967
10.228000,0.060799575,-0.069995207,-20.657078,0.060303707,-0.073296024,-20.453309
10.232000,0.06033293,-0.070824059,-20.626772,0.059808695,-0.074133341,-20.422571
10.236000,0.059857903,-0.071651372,-20.596386,0.05930517,-0.07496893,-20.391753
10.240000,0.059374476,-0.072477099,-20.565916,0.058793116,-0.075802746,-20.360854
10.244000,0.058882631,-0.073301194,-20.535365,0.058272516,-0.076634739,-20.329873
10.248000,0.058382353,-0.074123611,-20.50473,0.057743352,-0.077464862,-20.29881
10.252000,0.057873622,-0.074944302,-20.47401,0.057205608,-0.078293065,-20.267666
10.256000,0.057356423,-0.075763218,-20.443207,0.056659264,-0.0791193,-20.236438
10.260000,0.056830736,-0.076580312,-20.412318,0.056104305,-0.079943514,-20.205127
10.264000,0.056296544,-0.077395533,-20.381344,0.055540712,-0.080765659,-20.173732
10.268000,0.055753828,-0.078208833,-20.350284,0.054968467,-0.081585681,-20.142253
10.272000,0.055202572,-0.079020159,-20.319137,0.054387553,-0.082403528,-20.11069
10.276000,0.054642756,-0.079829461,-20.287903,0.05379795,-0.083219149,-20.079042
10.280000,0.054074362,-0.080636688,-20.256582,0.053199642,-0.084032488,-20.047308
10.284000,0.053497372,-0.081441785,-20.225172,0.05259261,-0.084843492,-20.015488
10.288000,0.052911768,-0.082244701,-20.193674,0.051976836,-0.085652104,-19.983582
10.292000,0.05231753,-0.083045381,-20.162087,0.051352301,-0.086458271,-19.95159
10.296000,0.05171464,-0.083843769,-20.130411,0.050718987,-0.087261934,-19.919511
10.300000,0.05110308,-0.084639812,-20.098645,0.050076876,-0.088063036,-19.887345
10.304000,0.050482831,-0.085433452,-20.066788,0.049425949,-0.08886152,-19.855091
10.308000,0.049853874,-0.086224633,-20.034841,0.048766189,-0.089657326,-19.82275
10.312000,0.049216191,-0.087013296,-20.002803,0.048097576,-0.090450395,-19.79032
10.316000,0.048569763,-0.087799384,-19.970674,0.047420093,-0.091240666,-19.757802
10.320000,0.047914571,-0.088582837,-19.938453,0.046733722,-0.092028078,-19.725196
10.324000,0.047250596,-0.089363595,-19.906141,0.046038443,-0.092812569,-19.692501
10.328000,0.046577821,-0.090141598,-19.873736,0.04533424,-0.093594075,-19.659717
10.332000,0.045896227,-0.090916783,-19.841239,0.044621094,-0.094372534,-19.626844
10.336000,0.045205795,-0.091689088,-19.808649,0.043898987,-0.09514788,-19.593882
10.340000,0.044506506,-0.092458451,-19.775966,0.043167902,-0.095920048,-19.56083
10.344000,0.043798344,-0.093224806,-19.74319,0.042427821,-0.096688972,-19.527689
10.348000,0.04308129,-0.093988089,-19.710321,0.041678726,-0.097454585,-19.494458
10.352000,0.042355325,-0.094748234,-19.677359,0.0409206,-0.098216818,-19.461137
10.356000,0.041620432,-0.095505175,-19.644302,0.040153426,-0.098975602,-19.427727
10.360000,0.040876593,-0.096258844,-19.611153,0.039377188,-0.099730869,-19.394227
10.364000,0.040123792,-0.097009172,-19.577909,0.038591867,-0.10048255,-19.360637
10.368000,0.03936201,-0.09775609,-19.544572,0.037797449,-0.10123056,-19.326957
10.372000,0.03859123,-0.098499529,-19.51114,0.036993916,-0.10197485,-19.293188
10.376000,0.037811437,-0.099239416,-19.477615,0.036181253,-0.10271532,-19.259329
10.380000,0.037022613,-0.099975681,-19.443996,0.035359444,-0.10345192,-19.22538
10.384000,0.036224741,-0.10070825,-19.410283,0.034528474,-0.10418456,-19.191342
10.388000,0.035417807,-0.10143705,-19.376476,0.033688327,-0.10491316,-19.157214
10.392000,0.034601794,-0.102162,-19.342575,0.032838989,-0.10563766,-19.122997
10.396000,0.033776687,-0.10288304,-19.308581,0.031980445,-0.10635796,-19.088691
10.400000,0.03294247,-0.10360007,-19.274494,0.031112683,-0.107074,-19.054296
10.404000,0.03209913,-0.10431303,-19.240312,0.030235687,-0.10778569,-19.019813
10.408000,0.031246652,-0.10502184,-19.206038,0.029349445,-0.10849295,-18.985241
10.412000,0.030385021,-0.10572642,-19.171671,0.028453944,-0.1091957,-18.950581
10.416000,0.029514225,-0.10642668,-19.137211,0.027549172,-0.10989386,-18.915833
10.420000,0.028634251,-0.10712255,-19.102658,0.026635118,-0.11058733,-18.880997
10.424000,0.027745085,-0.10781394,-19.068013,0.025711769,-0.11127604,-18.846074
10.428000,0.026846716,-0.10850076,-19.033276,0.024779115,-0.1119599,-18.811065
10.432000,0.025939132,-0.10918295,-18.998448,0.023837147,-0.11263882,-18.775969
10.436000,0.025022321,-0.1098604,-18.963528,0.022885854,-0.11331272,-18.740787
10.440000,0.024096275,-0.11053303,-18.928517,0.021925227,-0.11398149,-18.705519
10.444000,0.023160981,-0.11120076,-18.893416,0.020955258,-0.11464507,-18.670166
10.448000,0.022216432,-0.11186349,-18.858225,0.01997594,-0.11530334,-18.634729
10.452000,0.021262618,-0.11252114,-18.822944,0.018987265,-0.11595622,-18.599207
10.456000,0.020299531,-0.11317361,-18.787575,0.017989227,-0.11660362,-18.563602
10.460000,0.019327163,-0.11382082,-18.752116,0.016981819,-0.11724545,-18.527914
10.464000,0.018345508,-0.11446267,-18.71657,0.015965039,-0.11788159,-18.492143
10.468000,0.01735456,-0.11509906,-18.680935,0.01493888,-0.11851197,-18.456291
10.472000,0.016354314,-0.11572991,-18.645214,0.01390334,-0.11913648,-18.420357
10.476000,0.015344764,-0.11635512,-18.609407,0.012858416,-0.11975501,-18.384343
10.480000,0.014325907,-0.11697458,-18.573514,0.011804106,-0.12036749,-18.348249
10.484000,0.01329774,-0.1175882,-18.537536,0.010740411,-0.12097379,-18.312076
10.488000,0.012260261,-0.11819589,-18.501474,0.009667329,-0.12157382,-18.275824
10.492000,0.011213469,-0.11879754,-18.465328,0.008584862,-0.12216748,-18.239495
10.496000,0.010157362,-0.11939304,-18.4291,0.0074930118,-0.12275465,-18.203089
10.500000,0.0090919424,-0.11998231,-18.392789,0.0063917813,-0.12333525,-18.166607
10.504000,0.0080172108,-0.12056523,-18.356397,0.0052811746,-0.12390916,-18.13005
10.508000,0.0069331697,-0.1211417,-18.319924,0.0041611967,-0.12447626,-18.093418
10.512000,0.0058398227,-0.12171162,-18.283372,0.0030318537,-0.12503646,-18.056714
10.516000,0.0047371741,-0.12227488,-18.246742,0.0018931528,-0.12558965,-18.019936
10.520000,0.0036252297,-0.12283136,-18.210033,0.0007451023,-0.12613571,-17.983087
10.524000,0.0025039959,-0.12338097,-18.173248,-0.00041228823,-0.12667453,-17.946168
10.528000,0.0013734807,-0.12392359,-18.136387,-0.0015790081,-0.12720601,-17.909178
10.532000,0.00023369284,-0.12445912,-18.09945,-0.0027550454,-0.12773002,-17.872121
10.536000,-0.00091535751,-0.12498743,-18.06244,-0.0039403868,-0.12824645,-17.834995
10.540000,-0.002073659,-0.12550843,-18.025357,-0.005135018,-0.12875518,-17.797803
10.544000,-0.0032411991,-0.12602198,-17.988202,-0.0063389231,-0.12925611,-17.760546
10.548000,-0.004417964,-0.12652799,-17.950976,-0.007552085,-0.1297491,-17.723224
10.552000,-0.0056039385,-0.12702633,-17.913681,-0.008774485,-0.13023405,-17.685839
10.556000,-0.0067991062,-0.12751689,-17.876317,-0.010006103,-0.13071083,-17.648393
10.560000,-0.0080034491,-0.12799954,-17.838885,-0.011246918,-0.13117932,-17.610885
10.564000,-0.0092169479,-0.12847418,-17.801388,-0.012496907,-0.13163941,-17.573317
10.568000,-0.010439582,-0.12894068,-17.763825,-0.013756045,-0.13209096,-17.535691
10.572000,-0.011671329,-0.12939891,-17.726199,-0.015024307,-0.13253385,-17.498008
10.576000,-0.012912166,-0.12984877,-17.68851,-0.016301664,-0.13296797,-17.460269
10.580000,-0.014162067,-0.13029012,-17.650759,-0.017588088,-0.13339317,-17.422475
10.584000,-0.015421005,-0.13072285,-17.612949,-0.018883548,-0.13380935,-17.384628
10.588000,-0.016688952,-0.13114682,-17.57508,-0.020188011,-0.13421637,-17.346729
10.592000,-0.017965878,-0.13156192,-17.537154,-0.021501443,-0.1346141,-17.308779
10.596000,-0.019251752,-0.13196801,-17.499172,-0.022823808,-0.13500241,-17.27078
10.600000,-0.020546539,-0.13236497,-17.461135,-0.024155067,-0.13538117,-17.232733
10.604000,-0.021850205,-0.13275268,-17.423045,-0.025495182,-0.13575026,-17.19464
10.608000,-0.023162712,-0.133131,-17.384903,-0.026844111,-0.13610955,-17.156502
10.612000,-0.024484023,-0.1334998,-17.346711,-0.02820181,-0.13645889,-17.11832
10.616000,-0.025814096,-0.13385896,-17.308471,-0.029568234,-0.13679816,-17.080095
10.620000,-0.027152888,-0.13420834,-17.270182,-0.030943335,-0.13712722,-17.041831
10.624000,-0.028500356,-0.13454781,-17.231849,-0.032327065,-0.13744594,-17.003527
10.628000,-0.029856453,-0.13487724,-17.19347,-0.033719371,-0.13775419,-16.965186
10.632000,-0.031221131,-0.1351965,-17.155049,-0.035120201,-0.13805182,-16.926808
10.636000,-0.032594339,-0.13550544,-17.116587,-0.036529498,-0.13833871,-16.888397
10.640000,-0.033976026,-0.13580395,-17.078086,-0.037947205,-0.13861471,-16.849952
10.644000,-0.035366135,-0.13609188,-17.039546,-0.039373262,-0.1388797,-16.811476
10.648000,-0.036764612,-0.13636909,-17.00097,-0.040807607,-0.13913352,-16.772971
10.652000,-0.038171396,-0.13663546,-16.96236,-0.042250175,-0.13937604,-16.734438
10.656000,-0.039586428,-0.13689084,-16.923716,-0.0437009,-0.13960713,-16.695879
10.660000,-0.041009643,-0.13713509,-16.885042,-0.045159712,-0.13982664,-16.657295
10.664000,-0.042440977,-0.13736809,-16.846337,-0.046626541,-0.14003444,-16.618688
10.668000,-0.043880362,-0.13758968,-16.807605,-0.048101312,-0.14023038,-16.58006
10.672000,-0.045327726,-0.13779974,-16.768847,-0.049583949,-0.14041433,-16.541412
10.676000,-0.046782999,-0.13799813,-16.730064,-0.051074375,-0.14058614,-16.502747
10.680000,-0.048246105,-0.13818469,-16.691259,-0.052572506,-0.14074567,-16.464066
10.684000,-0.049716967,-0.1383593,-16.652433,-0.05407826,-0.14089278,-16.425371
10.688000,-0.051195505,-0.13852182,-16.613588,-0.055591551,-0.14102734,-16.386664
10.692000,-0.052681636,-0.1386721,-16.574726,-0.05711229,-0.14114919,-16.347946
10.696000,-0.054175277,-0.13881001,-16.535848,-0.058640385,-0.1412582,-16.30922
10.700000,-0.055676339,-0.13893541,-16.496957,-0.060175743,-0.14135423,-16.270487
10.704000,-0.057184734,-0.13904814,-16.458055,-0.061718266,-0.14143713,-16.231748
10.708000,-0.058700367,-0.13914809,-16.419143,-0.063267856,-0.14150676,-16.193007
10.712000,-0.060223145,-0.13923509,-16.380223,-0.064824409,-0.14156299,-16.154265
10.716000,-0.061752969,-0.13930902,-16.341297,-0.066387822,-0.14160567,-16.115523
10.720000,-0.063289739,-0.13936974,-16.302367,-0.067957986,-0.14163466,-16.076783
10.724000,-0.064833351,-0.13941709,-16.263435,-0.069534792,-0.14164982,-16.038049
10.728000,-0.0663837,-0.13945096,-16.224503,-0.071118124,-0.141651,-15.99932
10.732000,-0.067940676,-0.13947118,-16.185574,-0.072707869,-0.14163808,-15.960601
10.736000,-0.069504169,-0.13947764,-16.146647,-0.074303905,-0.14161091,-15.921891
10.740000,-0.071074063,-0.13947017,-16.107727,-0.075906112,-0.14156935,-15.883194
10.744000,-0.072650241,-0.13944866,-16.068815,-0.077514364,-0.14151326,-15.844511
10.748000,-0.074232584,-0.13941296,-16.029913,-0.079128534,-0.1414425,-15.805845
10.752000,-0.075820967,-0.13936293,-15.991022,-0.080748491,-0.14135695,-15.767196
10.756000,-0.077415266,-0.13929844,-15.952145,-0.0823741,-0.14125645,-15.728568
10.760000,-0.079015351,-0.13921934,-15.913285,-0.084005226,-0.14114088,-15.689963
10.764000,-0.08062109,-0.13912551,-15.874442,-0.085641728,-0.1410101,-15.651381
10.768000,-0.082232349,-0.13901681,-15.83562,-0.087283463,-0.14086398,-15.612826
10.772000,-0.083848989,-0.13889311,-15.796819,-0.088930285,-0.14070238,-15.5743
10.776000,-0.08547087,-0.13875427,-15.758043,-0.090582047,-0.14052518,-15.535804
10.780000,-0.087097849,-0.13860016,-15.719294,-0.092238594,-0.14033223,-15.49734
10.784000,-0.088729777,-0.13843066,-15.680572,-0.093899773,-0.14012342,-15.458912
10.788000,-0.090366506,-0.13824562,-15.641882,-0.095565426,-0.13989862,-15.420519
10.792000,-0.092007882,-0.13804493,-15.603223,-0.09723539,-0.13965769,-15.382166
10.796000,-0.09365375,-0.13782845,-15.5646,-0.098909501,-0.13940051,-15.343853
10.800000,-0.09530395,-0.13759606,-15.526013,-0.10058759,-0.13912697,-15.305583
10.804000,-0.09695832,-0.13734764,-15.487466,-0.10226949,-0.13883692,-15.267358
10.808000,-0.098616695,-0.13708306,-15.448959,-0.10395503,-0.13853027,-15.229181
10.812000,-0.10027891,-0.13680219,-15.410496,-0.10564403,-0.13820688,-15.191052
10.816000,-0.10194479,-0.13650493,-15.372078,-0.1073363,-0.13786664,-15.152975
10.820000,-0.10361415,-0.13619115,-15.333708,-0.10903167,-0.13750943,-15.114951
10.824000,-0.10528684,-0.13586073,-15.295387,-0.11072996,-0.13713514,-15.076983
10.828000,-0.10696265,-0.13551357,-15.257118,-0.11243096,-0.13674366,-15.039072
10.832000,-0.10864142,-0.13514954,-15.218903,-0.11413449,-0.13633488,-15.001222
10.836000,-0.11032295,-0.13476854,-15.180744,-0.11584036,-0.1359087,-14.963433
10.840000,-0.11200705,-0.13437046,-15.142644,-0.11754836,-0.135465,-14.925708
10.844000,-0.11369354,-0.13395519,-15.104604,-0.1192583,-0.13500369,-14.888049
10.848000,-0.11538221,-0.13352263,-15.066626,-0.12096997,-0.13452466,-14.850458
10.852000,-0.11707287,-0.13307268,-15.028713,-0.12268316,-0.13402783,-14.812938
10.856000,-0.11876531,-0.13260523,-14.990867,-0.12439766,-0.13351308,-14.77549
10.860000,-0.12045934,-0.13212019,-14.953091,-0.12611327,-0.13298034,-14.738116
10.864000,-0.12215474,-0.13161746,-14.915385,-0.12782976,-0.1324295,-14.70082
10.868000,-0.1238513,-0.13109696,-14.877753,-0.12954691,-0.13186049,-14.663602
10.872000,-0.12554882,-0.13055859,-14.840196,-0.13126452,-0.13127323,-14.626465
10.876000,-0.12724706,-0.13000226,-14.802717,-0.13298234,-0.13066762,-14.589411
10.880000,-0.12894583,-0.1294279,-14.765318,-0.13470015,-0.13004359,-14.552442
10.884000,-0.13064489,-0.12883543,-14.728,-0.13641773,-0.12940108,-14.515561
10.888000,-0.13234402,-0.12822476,-14.690767,-0.13813484,-0.12874,-14.478769
10.892000,-0.134043,-0.12759582,-14.65362,-0.13985124,-0.12806029,-14.442068
10.896000,-0.13574159,-0.12694854,-14.616562,-0.14156671,-0.12736188,-14.405461
10.900000,-0.13743957,-0.12628285,-14.579593,-0.14328099,-0.12664472,-14.368949
10.904000,-0.13913669,-0.12559869,-14.542718,-0.14499385,-0.12590874,-14.332535
10.908000,-0.14083273,-0.12489599,-14.505937,-0.14670504,-0.12515389,-14.296221
10.912000,-0.14252743,-0.12417471,-14.469253,-0.14841432,-0.12438013,-14.260009
10.916000,-0.14422057,-0.12343477,-14.432668,-0.15012143,-0.1235874,-14.2239
10.920000,-0.1459119,-0.12267615,-14.396184,-0.15182612,-0.12277567,-14.187897
10.924000,-0.14760116,-0.12189878,-14.359804,-0.15352815,-0.12194489,-14.152003
10.928000,-0.14928812,-0.12110263,-14.323528,-0.15522725,-0.12109503,-14.116218
10.932000,-0.15097251,-0.12028765,-14.28736,-0.15692316,-0.12022607,-14.080545
10.936000,-0.1526541,-0.11945381,-14.251301,-0.15861563,-0.11933796,-14.044986
10.940000,-0.15433262,-0.11860109,-14.215353,-0.16030439,-0.1184307,-14.009544
10.944000,-0.15600781,-0.11772945,-14.179519,-0.16198919,-0.11750427,-13.974219
10.948000,-0.15767943,-0.11683887,-14.1438,-0.16366975,-0.11655864,-13.939014
10.952000,-0.1593472,-0.11592933,-14.108199,-0.16534581,-0.11559382,-13.903931
10.956000,-0.16101087,-0.11500083,-14.072717,-0.1670171,-0.1146098,-13.868972
10.960000,-0.16267017,-0.11405334,-14.037356,-0.16868335,-0.11360658,-13.834139
10.964000,-0.16432484,-0.11308687,-14.002119,-0.1703443,-0.11258416,-13.799434
10.968000,-0.16597461,-0.11210141,-13.967008,-0.17199966,-0.11154256,-13.764858
10.972000,-0.16761922,-0.11109697,-13.932024,-0.17364916,-0.11048179,-13.730414
10.976000,-0.16925839,-0.11007356,-13.897169,-0.17529254,-0.10940186,-13.696104
10.980000,-0.17089186,-0.1090312,-13.862445,-0.17692951,-0.10830281,-13.661928
10.984000,-0.17251934,-0.10796989,-13.827855,-0.1785598,-0.10718465,-13.62789
10.988000,-0.17414058,-0.10688966,-13.7934,-0.18018313,-0.10604744,-13.593991
10.992000,-0.1757553,-0.10579054,-13.759081,-0.18179922,-0.10489119,-13.560233
10.996000,-0.17736323,-0.10467256,-13.724902,-0.1834078,-0.10371597,-13.526618
11.000000,-0.17896408,-0.10353577,-13.690863,-0.18500858,-0.10252182,-13.493147
11.004000,-0.18055759,-0.1023802,-13.656966,-0.1866013,-0.10130878,-13.459822
11.008000,-0.18214348,-0.1012059,-13.623214,-0.18818566,-0.10007693,-13.426646
11.012000,-0.18372147,-0.10001292,-13.589608,-0.18976139,-0.098826331,-13.393619
11.016000,-0.18529129,-0.098801323,-13.556149,-0.19132821,-0.097557044,-13.360743
11.020000,-0.18685266,-0.097571172,-13.522841,-0.19288584,-0.09626915,-13.328021
11.024000,-0.18840531,-0.096322533,-13.489684,-0.19443401,-0.094962728,-13.295454
11.028000,-0.18994896,-0.09505548,-13.456679,-0.19597243,-0.093637865,-13.263043
11.032000,-0.19148334,-0.093770093,-13.42383,-0.19750082,-0.092294652,-13.23079
11.036000,-0.19300816,-0.092466453,-13.391137,-0.19901892,-0.090933185,-13.198697
11.040000,-0.19452316,-0.091144652,-13.358602,-0.20052643,-0.089553566,-13.166765
11.044000,-0.19602806,-0.089804782,-13.326227,-0.20202309,-0.088155902,-13.134996
11.048000,-0.19752259,-0.088446944,-13.294013,-0.20350863,-0.086740307,-13.103392
11.052000,-0.19900647,-0.087071243,-13.261963,-0.20498276,-0.085306896,-13.071954
11.056000,-0.20047944,-0.085677789,-13.230076,-0.20644522,-0.083855795,-13.040683
11.060000,-0.20194121,-0.084266696,-13.198356,-0.20789573,-0.082387132,-13.009581
11.064000,-0.20339154,-0.082838087,-13.166803,-0.20933403,-0.08090104,-12.97865
11.068000,-0.20483013,-0.081392087,-13.13542,-0.21075985,-0.079397659,-12.94789
11.072000,-0.20625674,-0.079928827,-13.104207,-0.21217293,-0.077877133,-12.917304
11.076000,-0.20767109,-0.078448445,-13.073166,-0.21357299,-0.076339613,-12.886893
11.080000,-0.20907293,-0.076951081,-13.042298,-0.21495977,-0.074785252,-12.856657
11.084000,-0.21046198,-0.075436883,-13.011606,-0.21633303,-0.073214213,-12.826599
11.088000,-0.211838,-0.073906003,-12.981089,-0.21769249,-0.071626659,-12.79672
11.092000,-0.21320072,-0.072358599,-12.95075,-0.21903791,-0.070022762,-12.76702
11.096000,-0.21454989,-0.070794832,-12.92059,-0.22036903,-0.068402698,-12.737502
11.100000,-0.21588526,-0.069214872,-12.89061,-0.22168561,-0.066766647,-12.708166
11.104000,-0.21720658,-0.067618889,-12.860812,-0.22298739,-0.065114796,-12.679014
11.108000,-0.21851359,-0.066007063,-12.831196,-0.22427413,-0.063447335,-12.650047
11.112000,-0.21980607,-0.064379575,-12.801764,-0.22554559,-0.06176446,-12.621265
11.116000,-0.22108375,-0.062736613,-12.772517,-0.22680153,-0.060066371,-12.592671
11.120000,-0.22234642,-0.061078369,-12.743456,-0.22804173,-0.058353275,-12.564265
11.124000,-0.22359382,-0.059405042,-12.714583,-0.22926594,-0.05662538,-12.536048
11.128000,-0.22482573,-0.057716832,-12.685898,-0.23047394,-0.054882903,-12.508021
11.132000,-0.22604193,-0.056013947,-12.657403,-0.2316655,-0.053126063,-12.480186
11.136000,-0.22724217,-0.054296598,-12.629098,-0.23284041,-0.051355083,-12.452542
11.140000,-0.22842625,-0.052565,-12.600984,-0.23399845,-0.049570192,-12.425092
11.144000,-0.22959395,-0.050819374,-12.573064,-0.23513941,-0.047771622,-12.397836
11.148000,-0.23074504,-0.049059944,-12.545336,-0.23626308,-0.045959612,-12.370775
11.152000,-0.23187932,-0.04728694,-12.517804,-0.23736925,-0.044134401,-12.34391
11.156000,-0.23299659,-0.045500595,-12.490466,-0.23845773,-0.042296235,-12.317241
11.160000,-0.23409664,-0.043701145,-12.463325,-0.23952831,-0.040445363,-12.29077
11.164000,-0.23517928,-0.041888832,-12.43638,-0.24058082,-0.038582039,-12.264497
11.168000,-0.2362443,-0.040063903,-12.409634,-0.24161506,-0.03670652,-12.238423
11.172000,-0.23729153,-0.038226604,-12.383086,-0.24263086,-0.034819065,-12.212549
11.176000,-0.23832077,-0.036377191,-12.356737,-0.24362803,-0.03291994,-12.186875
11.180000,-0.23933185,-0.034515918,-12.330589,-0.24460641,-0.031009411,-12.161402
11.184000,-0.24032459,-0.032643047,-12.304641,-0.24556582,-0.02908775,-12.13613
11.188000,-0.24129882,-0.03075884,-12.278894,-0.24650611,-0.027155231,-12.11106
11.192000,-0.24225438,-0.028863564,-12.25335,-0.24742712,-0.025212132,-12.086193
11.196000,-0.24319111,-0.02695749,-12.228007,-0.2483287,-0.023258732,-12.06153
11.200000,-0.24410884,-0.025040891,-12.202868,-0.2492107,-0.021295315,-12.03707
11.204000,-0.24500744,-0.023114042,-12.177933,-0.25007299,-0.019322166,-12.012814
11.208000,-0.24588675,-0.021177222,-12.153202,-0.25091542,-0.017339575,-11.988762
11.212000,-0.24674664,-0.019230714,-12.128675,-0.25173787,-0.015347832,-11.964916
11.216000,-0.24758697,-0.017274801,-12.104353,-0.25254022,-0.013347231,-11.941275
11.220000,-0.24840761,-0.015309769,-12.080237,-0.25332234,-0.011338067,-11.917839
11.224000,-0.24920844,-0.013335909,-12.056326,-0.25408412,-0.0093206374,-11.894609
11.228000,-0.24998935,-0.011353511,-12.032621,-0.25482546,-0.007295243,-11.871586
11.232000,-0.25075021,-0.0093628678,-12.009123,-0.25554625,-0.0052621846,-11.848769
11.236000,-0.25149092,-0.0073642758,-11.985832,-0.2562464,-0.0032217656,-11.826158
11.240000,-0.25221138,-0.0053580317,-11.962747,-0.25692582,-0.0011742905,-11.803754
11.244000,-0.2529115,-0.0033444341,-11.939869,-0.25758442,0.00087993442,-11.781558
11.248000,-0.25359118,-0.0013237833,-11.917199,-0.25822213,0.0029406018,-11.759568
11.252000,-0.25425035,0.00070361888,-11.894736,-0.25883887,0.0050074032,-11.737785
11.256000,-0.25488891,0.0027374695,-11.87248,-0.25943459,0.0070800291,-11.716209
11.260000,-0.25550681,0.0047774646,-11.850432,-0.26000921,0.0091581691,-11.694841
11.264000,-0.25610397,0.0068232989,-11.828592,-0.26056268,0.011241512,-11.67368
11.268000,-0.25668034,0.0088746666,-11.806959,-0.26109496,0.013329747,-11.652725
11.272000,-0.25723585,0.010931261,-11.785535,-0.261606,0.015422561,-11.631978
11.276000,-0.25777046,0.012992775,-11.764317,-0.26209576,0.017519642,-11.611438
11.280000,-0.25828413,0.015058901,-11.743307,-0.26256422,0.019620677,-11.591105
11.284000,-0.25877682,0.01712933,-11.722505,-0.26301135,0.021725355,-11.570978
11.288000,-0.2592485,0.019203755,-11.70191,-0.26343714,0.023833363,-11.551058
11.292000,-0.25969913,0.021281868,-11.681522,-0.26384156,0.025944388,-11.531344
11.296000,-0.26012871,0.023363361,-11.661342,-0.26422461,0.028058119,-11.511836
11.300000,-0.26053722,0.025447925,-11.641368,-0.26458629,0.030174246,-11.492534
11.304000,-0.26092465,0.027535253,-11.6216,-0.26492661,0.032292457,-11.473437
11.308000,-0.26129099,0.029625039,-11.602039,-0.26524557,0.034412443,-11.454545
11.312000,-0.26163626,0.031716977,-11.582684,-0.2655432,0.036533896,-11.435858
11.316000,-0.26196045,0.03381076,-11.563534,-0.2658195,0.038656508,-11.417376
11.320000,-0.26226359,0.035906085,-11.54459,-0.26607452,0.040779972,-11.399097
11.324000,-0.26254569,0.038002648,-11.52585,-0.26630828,0.042903983,-11.381022
11.328000,-0.26280679,0.040100146,-11.507315,-0.26652083,0.045028239,-11.36315
11.332000,-0.2630469,0.04219828,-11.488985,-0.2667122,0.047152437,-11.345481
11.336000,-0.26326608,0.044296748,-11.470857,-0.26688245,0.049276276,-11.328013
11.340000,-0.26346436,0.046395254,-11.452933,-0.26703163,0.051399459,-11.310748
11.344000,-0.26364178,0.0484935,-11.435212,-0.26715981,0.053521689,-11.293683
11.348000,-0.26379841,0.050591193,-11.417693,-0.26726704,0.055642672,-11.276818
11.352000,-0.2639343,0.05268804,-11.400375,-0.2673534,0.057762115,-11.260154
11.356000,-0.26404952,0.054783749,-11.383258,-0.26741897,0.059879729,-11.243688
11.360000,-0.26414413,0.056878034,-11.366341,-0.26746382,0.061995226,-11.227421
11.364000,-0.26421821,0.058970607,-11.349624,-0.26748805,0.064108322,-11.211352
11.368000,-0.26427183,0.061061184,-11.333106,-0.26749174,0.066218733,-11.19548
11.372000,-0.26430508,0.063149484,-11.316787,-0.26747499,0.06832618,-11.179804
11.376000,-0.26431806,0.065235229,-11.300665,-0.2674379,0.070430386,-11.164324
11.380000,-0.26431084,0.067318142,-11.28474,-0.26738058,0.072531078,-11.149039
11.384000,-0.26428354,0.069397949,-11.269012,-0.26730313,0.074627984,-11.133948
11.388000,-0.26423625,0.07147438,-11.253479,-0.26720568,0.076720837,-11.11905
11.392000,-0.26416908,0.073547167,-11.23814,-0.26708833,0.078809371,-11.104345
11.396000,-0.26408214,0.075616046,-11.222995,-0.26695122,0.080893326,-11.089831
11.400000,-0.26397555,0.077680755,-11.208044,-0.26679446,0.082972443,-11.075508
11.404000,-0.26384942,0.079741036,-11.193284,-0.2666182,0.085046468,-11.061375
11.408000,-0.26370389,0.081796632,-11.178716,-0.26642256,0.087115149,-11.047431
11.412000,-0.26353909,0.083847294,-11.164338,-0.26620769,0.089178238,-11.033675
11.416000,-0.26335513,0.085892772,-11.15015,-0.26597373,0.091235493,-11.020106
11.420000,-0.26315217,0.087932822,-11.136151,-0.26572082,0.093286671,-11.006723
11.424000,-0.26293033,0.089967202,-11.122339,-0.26544912,0.095331538,-10.993525
11.428000,-0.26268977,0.091995674,-11.108714,-0.26515878,0.097369859,-10.980512
11.432000,-0.26243063,0.094018005,-11.095274,-0.26484995,0.099401406,-10.967681
11.436000,-0.26215306,0.096033964,-11.08202,-0.26452281,0.10142595,-10.955033
11.440000,-0.26185722,0.098043325,-11.068949,-0.2641775,0.10344328,-10.942566
11.444000,-0.26154326,0.10004587,-11.056061,-0.2638142,0.10545317,-10.93028
11.448000,-0.26121134,0.10204137,-11.043355,-0.26343308,0.10745541,-10.918172
11.452000,-0.26086163,0.10402961,-11.030829,-0.26303431,0.1094498,-10.906242
11.456000,-0.26049429,0.10601039,-11.018483,-0.26261807,0.11143611,-10.894489
11.460000,-0.2601095,0.1079835,-11.006316,-0.26218453,0.11341417,-10.882912
11.464000,-0.25970742,0.10994874,-10.994326,-0.26173387,0.11538376,-10.87151
11.468000,-0.25928823,0.1119059,-10.982512,-0.26126628,0.1173447,-10.860281
11.472000,-0.25885211,0.11385479,-10.970874,-0.26078195,0.11929679,-10.849225
11.476000,-0.25839923,0.11579522,-10.95941,-0.26028105,0.12123987,-10.838339
11.480000,-0.25792978,0.11772701,-10.948119,-0.25976378,0.12317374,-10.827624
11.484000,-0.25744394,0.11964998,-10.937,-0.25923034,0.12509822,-10.817078
11.488000,-0.2569419,0.12156393,-10.926051,-0.25868091,0.12701316,-10.8067
11.492000,-0.25642384,0.12346871,-10.915273,-0.25811568,0.12891838,-10.796489
11.496000,-0.25588996,0.12536415,-10.904662,-0.25753487,0.13081372,-10.786442
11.500000,-0.25534045,0.12725006,-10.894219,-0.25693866,0.13269903,-10.77656
11.504000,-0.2547755,0.12912631,-10.883942,-0.25632726,0.13457414,-10.766842
11.508000,-0.2541953,0.13099272,-10.873829,-0.25570086,0.13643891,-10.757284
11.512000,-0.25360006,0.13284915,-10.86388,-0.25505967,0.1382932,-10.747888
11.516000,-0.25298997,0.13469545,-10.854094,-0.25440389,0.14013686,-10.738651
11.520000,-0.25236522,0.13653148,-10.844469,-0.25373374,0.14196976,-10.729572
11.524000,-0.25172603,0.13835709,-10.835004,-0.2530494,0.14379176,-10.72065
11.528000,-0.25107259,0.14017215,-10.825697,-0.2523511,0.14560274,-10.711883
11.532000,-0.2504051,0.14197652,-10.816548,-0.25163903,0.14740258,-10.703271
11.536000,-0.24972376,0.14377009,-10.807556,-0.25091341,0.14919115,-10.694812
11.540000,-0.24902879,0.14555273,-10.798718,-0.25017445,0.15096833,-10.686505
11.544000,-0.24832038,0.14732431,-10.790034,-0.24942235,0.15273403,-10.678349
11.548000,-0.24759875,0.14908473,-10.781503,-0.24865732,0.15448813,-10.670342
11.552000,-0.24686408,0.15083388,-10.773122,-0.24787957,0.15623053,-10.662483
11.556000,-0.24611661,0.15257165,-10.764892,-0.24708932,0.15796113,-10.65477
11.560000,-0.24535652,0.15429793,-10.756811,-0.24628678,0.15967984,-10.647204
11.564000,-0.24458402,0.15601262,-10.748876,-0.24547215,0.16138656,-10.639781
11.568000,-0.24379933,0.15771565,-10.741089,-0.24464564,0.16308122,-10.632502
11.572000,-0.24300265,0.1594069,-10.733446,-0.24380747,0.16476372,-10.625364
11.576000,-0.24219419,0.16108631,-10.725946,-0.24295785,0.16643399,-10.618367
11.580000,-0.24137415,0.16275378,-10.718589,-0.24209698,0.16809195,-10.611509
11.584000,-0.24054274,0.16440923,-10.711373,-0.24122508,0.16973754,-10.604789
11.588000,-0.23970017,0.1660526,-10.704297,-0.24034235,0.17137069,-10.598205
11.592000,-0.23884665,0.16768381,-10.697359,-0.239449,0.17299133,-10.591757
11.596000,-0.23798237,0.1693028,-10.690558,-0.23854525,0.1745994,-10.585443
11.600000,-0.23710755,0.17090949,-10.683894,-0.2376313,0.17619486,-10.579261
11.604000,-0.23622239,0.17250384,-10.677364,-0.23670735,0.17777764,-10.573211
11.608000,-0.23532709,0.17408579,-10.670967,-0.23577361,0.1793477,-10.567291
11.612000,-0.23442187,0.17565528,-10.664703,-0.23483029,0.180905,-10.561501
11.616000,-0.23350691,0.17721226,-10.658569,-0.2338776,0.18244949,-10.555837
11.620000,-0.23258243,0.1787567,-10.652565,-0.23291573,0.18398114,-10.5503
11.624000,-0.23164863,0.18028854,-10.646689,-0.23194489,0.1854999,-10.544888
11.628000,-0.2307057,0.18180776,-10.64094,-0.23096528,0.18700576,-10.5396
11.632000,-0.22975384,0.18331431,-10.635317,-0.2299771,0.18849868,-10.534435
11.636000,-0.22879327,0.18480816,-10.629818,-0.22898055,0.18997864,-10.529391
11.640000,-0.22782416,0.18628929,-10.624443,-0.22797582,0.19144562,-10.524467
11.644000,-0.22684672,0.18775767,-10.619189,-0.22696313,0.1928996,-10.519662
11.648000,-0.22586115,0.18921328,-10.614056,-0.22594265,0.19434056,-10.514974
11.652000,-0.22486764,0.1906561,-10.609043,-0.22491459,0.19576849,-10.510402
11.656000,-0.22386637,0.19208611,-10.604147,-0.22387914,0.19718339,-10.505946
11.660000,-0.22285755,0.1935033,-10.599369,-0.22283649,0.19858524,-10.501603
11.664000,-0.22184136,0.19490767,-10.594706,-0.22178682,0.19997405,-10.497373
11.668000,-0.22081799,0.1962992,-10.590158,-0.22073034,0.20134981,-10.493255
11.672000,-0.21978764,0.19767788,-10.585723,-0.21966722,0.20271253,-10.489246
11.676000,-0.21875047,0.19904373,-10.5814,-0.21859765,0.20406221,-10.485346
11.680000,-0.21770669,0.20039674,-10.577188,-0.21752182,0.20539886,-10.481555
11.684000,-0.21665647,0.20173691,-10.573085,-0.2164399,0.20672249,-10.477869
11.688000,-0.2156,0.20306426,-10.569091,-0.21535208,0.20803311,-10.474289
11.692000,-0.21453744,0.20437878,-10.565203,-0.21425854,0.20933074,-10.470813
11.696000,-0.21346899,0.2056805,-10.561422,-0.21315946,0.2106154,-10.46744
11.700000,-0.21239482,0.20696942,-10.557745,-0.212055,0.21188711,-10.464168
11.704000,-0.2113151,0.20824557,-10.554172,-0.21094534,0.21314588,-10.460997
11.708000,-0.21023001,0.20950895,-10.550701,-0.20983067,0.21439175,-10.457926
11.712000,-0.20913972,0.2107596,-10.547332,-0.20871113,0.21562473,-10.454952
11.716000,-0.2080444,0.21199754,-10.544062,-0.20758691,0.21684487,-10.452076
11.720000,-0.20694421,0.21322279,-10.540891,-0.20645818,0.21805219,-10.449296
11.724000,-0.20583932,0.21443539,-10.537818,-0.20532508,0.21924673,-10.44661
11.728000,-0.2047299,0.21563535,-10.534842,-0.2041878,0.22042851,-10.444018
11.732000,-0.20361611,0.21682271,-10.531961,-0.20304648,0.22159758,-10.441518
11.736000,-0.20249811,0.21799751,-10.529174,-0.20190129,0.22275398,-10.43911
11.740000,-0.20137606,0.21915979,-10.52648,-0.20075238,0.22389775,-10.436792
11.744000,-0.20025012,0.22030957,-10.523878,-0.19959992,0.22502893,-10.434563
11.748000,-0.19912043,0.22144691,-10.521367,-0.19844405,0.22614756,-10.432422
11.752000,-0.19798716,0.22257183,-10.518946,-0.19728492,0.22725369,-10.430368
11.756000,-0.19685046,0.22368439,-10.516613,-0.19612269,0.22834738,-10.4284
11.760000,-0.19571047,0.22478463,-10.514368,-0.19495749,0.22942866,-10.426517
11.764000,-0.19456734,0.22587259,-10.51221,-0.19378949,0.23049759,-10.424717
11.768000,-0.19342122,0.22694832,-10.510137,-0.19261881,0.23155422,-10.423
11.772000,-0.19227225,0.22801188,-10.508148,-0.1914456,0.23259861,-10.421365
11.776000,-0.19112058,0.22906331,-10.506243,-0.19027001,0.2336308,-10.41981
11.780000,-0.18996634,0.23010267,-10.504419,-0.18909217,0.23465087,-10.418334
11.784000,-0.18880967,0.23113,-10.502677,-0.1879122,0.23565886,-10.416937
11.788000,-0.18765071,0.23214537,-10.501015,-0.18673026,0.23665483,-10.415618
11.792000,-0.18648959,0.23314883,-10.499432,-0.18554647,0.23763885,-10.414375
11.796000,-0.18532645,0.23414044,-10.497927,-0.18436095,0.23861098,-10.413207
11.800000,-0.18416141,0.23512025,-10.4965,-0.18317384,0.23957127,-10.412114
11.804000,-0.1829946,0.23608833,-10.495148,-0.18198527,0.2405198,-10.411094
11.808000,-0.18182615,0.23704474,-10.493871,-0.18079535,0.24145662,-10.410146
11.812000,-0.18065618,0.23798954,-10.492668,-0.17960421,0.24238181,-10.40927
11.816000,-0.17948482,0.23892279,-10.491539,-0.17841197,0.24329542,-10.408465
11.820000,-0.17831219,0.23984455,-10.490481,-0.17721875,0.24419753,-10.407729
11.824000,-0.1771384,0.2407549,-10.489495,-0.17602466,0.2450882,-10.407062
11.828000,-0.17596357,0.24165389,-10.488579,-0.17482981,0.24596751,-10.406462
11.832000,-0.17478782,0.2425416,-10.487732,-0.17363433,0.24683553,-10.405929
11.836000,-0.17361126,0.24341809,-10.486953,-0.17243831,0.24769231,-10.405462
11.840000,-0.17243401,0.24428343,-10.486242,-0.17124187,0.24853794,-10.40506
11.844000,-0.17125616,0.24513769,-10.485597,-0.17004512,0.24937249,-10.404722
11.848000,-0.17007783,0.24598093,-10.485018,-0.16884816,0.25019603,-10.404446
11.852000,-0.16889912,0.24681324,-10.484503,-0.16765109,0.25100864,-10.404233
11.856000,-0.16772015,0.24763467,-10.484052,-0.16645402,0.25181038,-10.404082
11.860000,-0.166541,0.24844531,-10.483664,-0.16525704,0.25260133,-10.403991
11.864000,-0.16536178,0.24924522,-10.483337,-0.16406025,0.25338157,-10.403959
11.868000,-0.16418259,0.25003447,-10.483072,-0.16286375,0.25415117,-10.403986
11.872000,-0.16300353,0.25081315,-10.482867,-0.16166762,0.25491021,-10.404071
11.876000,-0.16182469,0.25158131,-10.482721,-0.16047198,0.25565876,-10.404213
11.880000,-0.16064616,0.25233905,-10.482634,-0.15927689,0.2563969,-10.404411
11.884000,-0.15946803,0.25308643,-10.482605,-0.15808246,0.25712471,-10.404665
11.888000,-0.1582904,0.25382352,-10.482632,-0.15688876,0.25784226,-10.404973
11.892000,-0.15711335,0.25455041,-10.482715,-0.15569589,0.25854964,-10.405335
11.896000,-0.15593697,0.25526716,-10.482854,-0.15450393,0.25924691,-10.40575
11.900000,-0.15476135,0.25597386,-10.483046,-0.15331296,0.25993416,-10.406217
11.904000,-0.15358656,0.25667058,-10.483293,-0.15212306,0.26061147,-10.406735
11.908000,-0.15241269,0.25735739,-10.483592,-0.15093431,0.2612789,-10.407304
11.912000,-0.15123981,0.25803438,-10.483943,-0.14974678,0.26193656,-10.407923
11.916000,-0.15006801,0.25870161,-10.484345,-0.14856056,0.2625845,-10.408591
11.920000,-0.14889736,0.25935918,-10.484798,-0.14737571,0.26322281,-10.409307
11.924000,-0.14772794,0.26000714,-10.485301,-0.14619231,0.26385157,-10.410071
11.928000,-0.14655982,0.26064559,-10.485852,-0.14501042,0.26447085,-10.410882
11.932000,-0.14539307,0.26127459,-10.486452,-0.14383013,0.26508074,-10.411739
11.936000,-0.14422777,0.26189423,-10.487099,-0.14265149,0.26568132,-10.412641
11.940000,-0.14306397,0.26250458,-10.487793,-0.14147457,0.26627266,-10.413588
11.944000,-0.14190175,0.26310572,-10.488533,-0.14029943,0.26685484,-10.414579
11.948000,-0.14074118,0.26369773,-10.489318,-0.13912615,0.26742794,-10.415614
11.952000,-0.13958231,0.26428068,-10.490148,-0.13795477,0.26799205,-10.416691
11.956000,-0.13842521,0.26485466,-10.491022,-0.13678537,0.26854723,-10.41781
11.960000,-0.13726995,0.26541973,-10.491939,-0.135618,0.26909356,-10.41897
11.964000,-0.13611658,0.26597598,-10.492899,-0.13445271,0.26963114,-10.420171
11.968000,-0.13496516,0.26652349,-10.4939,-0.13328957,0.27016002,-10.421412
11.972000,-0.13381575,0.26706232,-10.494943,-0.13212862,0.2706803,-10.422692
11.976000,-0.1326684,0.26759256,-10.496026,-0.13096993,0.27119205,-10.424011
11.980000,-0.13152317,0.26811429,-10.497149,-0.12981354,0.27169534,-10.425368
11.984000,-0.13038011,0.26862758,-10.498312,-0.12865951,0.27219026,-10.426762
11.988000,-0.12923928,0.2691325,-10.499513,-0.12750788,0.27267689,-10.428193
11.992000,-0.12810072,0.26962914,-10.500752,-0.1263587,0.27315529,-10.429661
11.996000,-0.12696448,0.27011757,-10.502028,-0.12521203,0.27362555,-10.431164
12.000000,-0.12583062,0.27059786,-10.503341,-0.12406789,0.27408774,-10.432702
